[
{
    "model": "home.homepagegalleryimage",
    "pk": 1,
    "fields": {
        "sort_order": 0,
        "page": 3,
        "image": 1,
        "caption": "Anuncio de Ejemplo"
    }
},
{
    "model": "base.formfield",
    "pk": 1,
    "fields": {
        "sort_order": 0,
        "label": "Nombre completo",
        "field_type": "singleline",
        "required": true,
        "choices": "",
        "default_value": "",
        "help_text": "",
        "page": 6
    }
},
{
    "model": "base.formfield",
    "pk": 2,
    "fields": {
        "sort_order": 1,
        "label": "Correo electr\u00f3nico",
        "field_type": "email",
        "required": true,
        "choices": "",
        "default_value": "",
        "help_text": "",
        "page": 6
    }
},
{
    "model": "base.formfield",
    "pk": 3,
    "fields": {
        "sort_order": 2,
        "label": "Tel\u00e9fono",
        "field_type": "singleline",
        "required": false,
        "choices": "",
        "default_value": "",
        "help_text": "",
        "page": 6
    }
},
{
    "model": "base.formfield",
    "pk": 4,
    "fields": {
        "sort_order": 3,
        "label": "Mensaje",
        "field_type": "multiline",
        "required": true,
        "choices": "",
        "default_value": "",
        "help_text": "Escr\u00edbanos su consulta.",
        "page": 6
    }
},
{
    "model": "catalog.catalogpageservice",
    "pk": 1,
    "fields": {
        "sort_order": 0,
        "page": 5,
        "name": "Servicio de ejemplo",
        "price": 19.99
    }
},
{
    "model": "catalog.catalogpageproduct",
    "pk": 1,
    "fields": {
        "sort_order": 0,
        "page": 5,
        "reference": "12345-ABC",
        "name": "Producto de ejemplo",
        "short_description": "<p>Este producto es un ejemplo para ense\u00f1ar la funcionalidad de a\u00f1adir productos.</p><ul><li>Se pueden tener tantos productos como uno desee</li><li>Se puede configurar cuantos productos ense\u00f1ar por p\u00e1gina mediante Settings &gt; Catalog settings</li><li>Usando el formulario superior y el ubicado en el navegador, se pueden filtrar los productos por nombre y referencia.<br/></li></ul>",
        "long_description": "<h4>En este cuadro se puede a\u00f1adir informaci\u00f3n extensa sobre el producto, m\u00e1s detallada.<br/></h4><p>Este producto es un ejemplo para ense\u00f1ar la funcionalidad de a\u00f1adir productos.</p><ul><li>Se pueden tener tantos productos como uno desee</li><li>Se puede configurar cuantos productos ense\u00f1ar por p\u00e1gina mediante Settings &gt; Catalog settings</li><li>Usando el formulario superior y el ubicado en el navegador, se pueden filtrar los productos por nombre y referencia.</li></ul><p>A\u00f1adir l\u00edneas:</p><hr/>Documentos:<br/><a id=\"1\" linktype=\"document\">fujifilm_xt1_manual_es.pdf</a><br/><br/>Incluso v\u00eddeos:<br/><embed embedtype=\"media\" url=\"https://www.youtube.com/watch?v=kffacxfA7G4\"/>",
        "price": 199.99,
        "image": 1
    }
},
{
    "model": "wagtailforms.formsubmission",
    "pk": 1,
    "fields": {
        "form_data": "{\"nombre-completo\": \"Roberto\", \"mensaje\": \"Este es un mensaje de ejemplo, enviado desde el formulario de la web.\", \"correo-electronico\": \"roberto@gmail.com\", \"telefono\": \"685544411\"}",
        "page": 6,
        "submit_time": "2017-11-12T12:43:13.625Z"
    }
},
{
    "model": "wagtailembeds.embed",
    "pk": 1,
    "fields": {
        "url": "https://www.youtube.com/watch?v=kffacxfA7G4",
        "max_width": null,
        "type": "video",
        "html": "<iframe width=\"459\" height=\"344\" src=\"https://www.youtube.com/embed/kffacxfA7G4?feature=oembed\" frameborder=\"0\" gesture=\"media\" allowfullscreen></iframe>",
        "title": "Justin Bieber - Baby ft. Ludacris",
        "author_name": "JustinBieberVEVO",
        "provider_name": "YouTube",
        "thumbnail_url": "https://i.ytimg.com/vi/kffacxfA7G4/hqdefault.jpg",
        "width": 459,
        "height": 344,
        "last_updated": "2017-11-12T12:02:28.101Z"
    }
},
{
    "model": "wagtailimages.rendition",
    "pk": 1,
    "fields": {
        "filter_spec": "max-165x165",
        "file": "images/imagen_share.max-165x165.png",
        "width": 165,
        "height": 86,
        "focal_point_key": "",
        "image": 1
    }
},
{
    "model": "wagtailimages.rendition",
    "pk": 2,
    "fields": {
        "filter_spec": "height-500",
        "file": "images/imagen_share.height-500.png",
        "width": 952,
        "height": 500,
        "focal_point_key": "",
        "image": 1
    }
},
{
    "model": "wagtailimages.rendition",
    "pk": 3,
    "fields": {
        "filter_spec": "width-500",
        "file": "images/imagen_share.width-500.png",
        "width": 500,
        "height": 262,
        "focal_point_key": "",
        "image": 1
    }
},
{
    "model": "wagtailcore.site",
    "pk": 2,
    "fields": {
        "hostname": "localhost",
        "port": 80,
        "site_name": "Reparaciones Maza S.L.",
        "root_page": 3,
        "is_default_site": true
    }
},
{
    "model": "wagtailcore.collection",
    "pk": 1,
    "fields": {
        "path": "0001",
        "depth": 1,
        "numchild": 0,
        "name": "Root"
    }
},
{
    "model": "auth.group",
    "pk": 1,
    "fields": {
        "name": "Moderators",
        "permissions": [
            [
                "access_admin",
                "wagtailadmin",
                "admin"
            ],
            [
                "add_document",
                "wagtaildocs",
                "document"
            ],
            [
                "change_document",
                "wagtaildocs",
                "document"
            ],
            [
                "delete_document",
                "wagtaildocs",
                "document"
            ],
            [
                "add_image",
                "wagtailimages",
                "image"
            ],
            [
                "change_image",
                "wagtailimages",
                "image"
            ],
            [
                "delete_image",
                "wagtailimages",
                "image"
            ]
        ]
    }
},
{
    "model": "auth.group",
    "pk": 2,
    "fields": {
        "name": "Editors",
        "permissions": [
            [
                "access_admin",
                "wagtailadmin",
                "admin"
            ],
            [
                "add_document",
                "wagtaildocs",
                "document"
            ],
            [
                "change_document",
                "wagtaildocs",
                "document"
            ],
            [
                "delete_document",
                "wagtaildocs",
                "document"
            ],
            [
                "add_image",
                "wagtailimages",
                "image"
            ],
            [
                "change_image",
                "wagtailimages",
                "image"
            ],
            [
                "delete_image",
                "wagtailimages",
                "image"
            ]
        ]
    }
},
{
    "model": "auth.group",
    "pk": 3,
    "fields": {
        "name": "Administrador de Contenido",
        "permissions": [
            [
                "change_companyinfosettings",
                "base",
                "companyinfosettings"
            ],
            [
                "change_catalogsettings",
                "catalog",
                "catalogsettings"
            ],
            [
                "access_admin",
                "wagtailadmin",
                "admin"
            ]
        ]
    }
},
{
    "model": "auth.user",
    "pk": 1,
    "fields": {
        "password": "pbkdf2_sha256$36000$GrgSQ1lahP23$EcjScK4jfu3sH8p3l6qUvMg/S3j6gIcwULBtus1HQTc=",
        "last_login": "2017-11-13T09:30:26.698Z",
        "is_superuser": true,
        "username": "jtrivino",
        "first_name": "Javier",
        "last_name": "Trivi\u00f1o",
        "email": "kal3it@gmail.com",
        "is_staff": true,
        "is_active": true,
        "date_joined": "2017-11-12T11:46:38.883Z",
        "groups": [],
        "user_permissions": []
    }
},
{
    "model": "auth.user",
    "pk": 2,
    "fields": {
        "password": "pbkdf2_sha256$36000$A6dZ0znV0QQG$Us7XG0dbSLLzRQWTkUGtgMe1/Dxym38lKv95S5oo124=",
        "last_login": "2017-11-12T13:03:41.331Z",
        "is_superuser": false,
        "username": "fmartin",
        "first_name": "Francisco",
        "last_name": "Mart\u00edn Zafra",
        "email": "franciscomartinzafra@gmail.com",
        "is_staff": false,
        "is_active": true,
        "date_joined": "2017-11-12T12:55:07.144Z",
        "groups": [
            [
                "Administrador de Contenido"
            ]
        ],
        "user_permissions": []
    }
},
{
    "model": "wagtailcore.groupcollectionpermission",
    "pk": 1,
    "fields": {
        "group": [
            "Editors"
        ],
        "collection": 1,
        "permission": [
            "add_image",
            "wagtailimages",
            "image"
        ]
    }
},
{
    "model": "wagtailcore.groupcollectionpermission",
    "pk": 2,
    "fields": {
        "group": [
            "Moderators"
        ],
        "collection": 1,
        "permission": [
            "add_image",
            "wagtailimages",
            "image"
        ]
    }
},
{
    "model": "wagtailcore.groupcollectionpermission",
    "pk": 3,
    "fields": {
        "group": [
            "Editors"
        ],
        "collection": 1,
        "permission": [
            "change_image",
            "wagtailimages",
            "image"
        ]
    }
},
{
    "model": "wagtailcore.groupcollectionpermission",
    "pk": 4,
    "fields": {
        "group": [
            "Moderators"
        ],
        "collection": 1,
        "permission": [
            "change_image",
            "wagtailimages",
            "image"
        ]
    }
},
{
    "model": "wagtailcore.groupcollectionpermission",
    "pk": 5,
    "fields": {
        "group": [
            "Editors"
        ],
        "collection": 1,
        "permission": [
            "add_document",
            "wagtaildocs",
            "document"
        ]
    }
},
{
    "model": "wagtailcore.groupcollectionpermission",
    "pk": 6,
    "fields": {
        "group": [
            "Moderators"
        ],
        "collection": 1,
        "permission": [
            "add_document",
            "wagtaildocs",
            "document"
        ]
    }
},
{
    "model": "wagtailcore.groupcollectionpermission",
    "pk": 7,
    "fields": {
        "group": [
            "Editors"
        ],
        "collection": 1,
        "permission": [
            "change_document",
            "wagtaildocs",
            "document"
        ]
    }
},
{
    "model": "wagtailcore.groupcollectionpermission",
    "pk": 8,
    "fields": {
        "group": [
            "Moderators"
        ],
        "collection": 1,
        "permission": [
            "change_document",
            "wagtaildocs",
            "document"
        ]
    }
},
{
    "model": "wagtailcore.groupcollectionpermission",
    "pk": 9,
    "fields": {
        "group": [
            "Administrador de Contenido"
        ],
        "collection": 1,
        "permission": [
            "add_document",
            "wagtaildocs",
            "document"
        ]
    }
},
{
    "model": "wagtailcore.groupcollectionpermission",
    "pk": 10,
    "fields": {
        "group": [
            "Administrador de Contenido"
        ],
        "collection": 1,
        "permission": [
            "change_document",
            "wagtaildocs",
            "document"
        ]
    }
},
{
    "model": "wagtailcore.groupcollectionpermission",
    "pk": 11,
    "fields": {
        "group": [
            "Administrador de Contenido"
        ],
        "collection": 1,
        "permission": [
            "change_image",
            "wagtailimages",
            "image"
        ]
    }
},
{
    "model": "wagtailcore.groupcollectionpermission",
    "pk": 12,
    "fields": {
        "group": [
            "Administrador de Contenido"
        ],
        "collection": 1,
        "permission": [
            "add_image",
            "wagtailimages",
            "image"
        ]
    }
},
{
    "model": "wagtailcore.grouppagepermission",
    "pk": 1,
    "fields": {
        "group": [
            "Moderators"
        ],
        "page": 1,
        "permission_type": "add"
    }
},
{
    "model": "wagtailcore.grouppagepermission",
    "pk": 2,
    "fields": {
        "group": [
            "Moderators"
        ],
        "page": 1,
        "permission_type": "edit"
    }
},
{
    "model": "wagtailcore.grouppagepermission",
    "pk": 3,
    "fields": {
        "group": [
            "Moderators"
        ],
        "page": 1,
        "permission_type": "publish"
    }
},
{
    "model": "wagtailcore.grouppagepermission",
    "pk": 4,
    "fields": {
        "group": [
            "Editors"
        ],
        "page": 1,
        "permission_type": "add"
    }
},
{
    "model": "wagtailcore.grouppagepermission",
    "pk": 5,
    "fields": {
        "group": [
            "Editors"
        ],
        "page": 1,
        "permission_type": "edit"
    }
},
{
    "model": "wagtailcore.grouppagepermission",
    "pk": 6,
    "fields": {
        "group": [
            "Moderators"
        ],
        "page": 1,
        "permission_type": "lock"
    }
},
{
    "model": "wagtailcore.grouppagepermission",
    "pk": 7,
    "fields": {
        "group": [
            "Administrador de Contenido"
        ],
        "page": 3,
        "permission_type": "edit"
    }
},
{
    "model": "wagtailcore.grouppagepermission",
    "pk": 8,
    "fields": {
        "group": [
            "Administrador de Contenido"
        ],
        "page": 6,
        "permission_type": "edit"
    }
},
{
    "model": "wagtailcore.grouppagepermission",
    "pk": 9,
    "fields": {
        "group": [
            "Administrador de Contenido"
        ],
        "page": 5,
        "permission_type": "publish"
    }
},
{
    "model": "wagtailcore.grouppagepermission",
    "pk": 10,
    "fields": {
        "group": [
            "Administrador de Contenido"
        ],
        "page": 5,
        "permission_type": "edit"
    }
},
{
    "model": "wagtailcore.grouppagepermission",
    "pk": 11,
    "fields": {
        "group": [
            "Administrador de Contenido"
        ],
        "page": 3,
        "permission_type": "publish"
    }
},
{
    "model": "wagtailcore.grouppagepermission",
    "pk": 12,
    "fields": {
        "group": [
            "Administrador de Contenido"
        ],
        "page": 6,
        "permission_type": "publish"
    }
},
{
    "model": "wagtailcore.pagerevision",
    "pk": 1,
    "fields": {
        "page": 3,
        "submitted_for_moderation": false,
        "created_at": "2017-11-12T11:51:52.045Z",
        "user": [
            "jtrivino"
        ],
        "content_json": "{\"slider_images\": [{\"pk\": null, \"image\": 1, \"sort_order\": 0, \"page\": 3, \"caption\": \"Anuncio de Ejemplo\"}], \"search_description\": \"\", \"owner\": null, \"latest_revision_created_at\": null, \"go_live_at\": null, \"title\": \"Home\", \"seo_title\": \"\", \"draft_title\": \"Home\", \"live\": true, \"last_published_at\": null, \"has_unpublished_changes\": false, \"numchild\": 0, \"content_type\": 3, \"show_in_menus\": false, \"path\": \"00010001\", \"url_path\": \"/home/\", \"expired\": false, \"slug\": \"home\", \"about\": \"<p>\\n    Somos un taller mec\\u00e1nico multimarca especializado en la reparaci\\u00f3n \\nde veh\\u00edculos industriales y de la marca mercedes, nuestros clientes \\nllevan m\\u00e1s de 10 a\\u00f1os confiando en nosotros y adem\\u00e1s\\n    contamos con los mejores profesionales del sector, algunos con m\\u00e1s \\nde 35 a\\u00f1os de experiencia profesional. Somos eficaces y competitivos, y \\nnuestras principales caracter\\u00edsticas son la confianza\\n    depositada en nosotros por nuestros clientes y la seguridad del \\ntrabajo bien hecho. <br/></p><p>Contamos con la mejor tecnolog\\u00eda de diagnosis y con un equipo capaz de resolver cualquier problema que necesites.</p><p>\\n    Adem\\u00e1s de todo esto tenemos precios muy competitivos y \\ndescuentos y ofertas para los clientes m\\u00e1s fieles, adem\\u00e1s de promociones\\n eventuales.\\u00a0\\n</p><p></p>\", \"locked\": false, \"pk\": 3, \"depth\": 2, \"first_published_at\": null, \"expire_at\": null, \"live_revision\": null}",
        "approved_go_live_at": null
    }
},
{
    "model": "wagtailcore.pagerevision",
    "pk": 3,
    "fields": {
        "page": 5,
        "submitted_for_moderation": false,
        "created_at": "2017-11-12T11:53:29.114Z",
        "user": [
            "jtrivino"
        ],
        "content_json": "{\"search_description\": \"\", \"owner\": 1, \"latest_revision_created_at\": null, \"go_live_at\": null, \"title\": \"Cat\\u00e1logo\", \"seo_title\": \"Cat\\u00e1logo\", \"draft_title\": \"Cat\\u00e1logo\", \"live\": true, \"last_published_at\": null, \"has_unpublished_changes\": false, \"numchild\": 0, \"content_type\": 14, \"show_in_menus\": true, \"services\": [], \"path\": \"000100010001\", \"url_path\": \"/home/catalogo/\", \"expired\": false, \"slug\": \"catalogo\", \"locked\": false, \"pk\": 5, \"depth\": 3, \"products\": [], \"first_published_at\": null, \"expire_at\": null, \"live_revision\": null}",
        "approved_go_live_at": null
    }
},
{
    "model": "wagtailcore.pagerevision",
    "pk": 4,
    "fields": {
        "page": 6,
        "submitted_for_moderation": false,
        "created_at": "2017-11-12T11:54:26.181Z",
        "user": [
            "jtrivino"
        ],
        "content_json": "{\"to_address\": \"\", \"from_address\": \"\", \"search_description\": \"\", \"owner\": 1, \"latest_revision_created_at\": null, \"go_live_at\": null, \"title\": \"Contacto\", \"seo_title\": \"Contacto\", \"draft_title\": \"Contacto\", \"live\": true, \"last_published_at\": null, \"has_unpublished_changes\": false, \"subject\": \"\", \"numchild\": 0, \"content_type\": 10, \"show_in_menus\": true, \"thank_you_text\": \"<h3>Gracias por contactar con nosotros. Le responderemos lo m\\u00e1s r\\u00e1pido posible.<br/></h3>\", \"path\": \"000100010002\", \"url_path\": \"/home/contacto/\", \"expired\": false, \"slug\": \"contacto\", \"locked\": false, \"pk\": 6, \"form_fields\": [], \"depth\": 3, \"first_published_at\": null, \"expire_at\": null, \"live_revision\": null}",
        "approved_go_live_at": null
    }
},
{
    "model": "wagtailcore.pagerevision",
    "pk": 5,
    "fields": {
        "page": 3,
        "submitted_for_moderation": false,
        "created_at": "2017-11-12T11:55:27.188Z",
        "user": [
            "jtrivino"
        ],
        "content_json": "{\"slider_images\": [{\"pk\": 1, \"image\": 1, \"sort_order\": 0, \"page\": 3, \"caption\": \"Anuncio de Ejemplo\"}], \"search_description\": \"\", \"owner\": null, \"latest_revision_created_at\": \"2017-11-12T11:51:52.045Z\", \"go_live_at\": null, \"title\": \"Home\", \"seo_title\": \"Inicio\", \"draft_title\": \"Home\", \"live\": true, \"last_published_at\": \"2017-11-12T11:51:52.217Z\", \"has_unpublished_changes\": false, \"numchild\": 2, \"content_type\": 3, \"show_in_menus\": true, \"path\": \"00010001\", \"url_path\": \"/home/\", \"expired\": false, \"slug\": \"home\", \"about\": \"<p>\\n    Somos un taller mec\\u00e1nico multimarca especializado en la reparaci\\u00f3n \\nde veh\\u00edculos industriales y de la marca mercedes, nuestros clientes \\nllevan m\\u00e1s de 10 a\\u00f1os confiando en nosotros y adem\\u00e1s\\n    contamos con los mejores profesionales del sector, algunos con m\\u00e1s \\nde 35 a\\u00f1os de experiencia profesional. Somos eficaces y competitivos, y \\nnuestras principales caracter\\u00edsticas son la confianza\\n    depositada en nosotros por nuestros clientes y la seguridad del \\ntrabajo bien hecho. <br/></p><p>Contamos con la mejor tecnolog\\u00eda de diagnosis y con un equipo capaz de resolver cualquier problema que necesites.</p><p>\\n    Adem\\u00e1s de todo esto tenemos precios muy competitivos y \\ndescuentos y ofertas para los clientes m\\u00e1s fieles, adem\\u00e1s de promociones\\n eventuales.\\u00a0\\n</p><p></p>\", \"locked\": false, \"pk\": 3, \"depth\": 2, \"first_published_at\": \"2017-11-12T11:51:52.217Z\", \"expire_at\": null, \"live_revision\": 1}",
        "approved_go_live_at": null
    }
},
{
    "model": "wagtailcore.pagerevision",
    "pk": 6,
    "fields": {
        "page": 3,
        "submitted_for_moderation": false,
        "created_at": "2017-11-12T11:55:39.448Z",
        "user": [
            "jtrivino"
        ],
        "content_json": "{\"slider_images\": [{\"pk\": 1, \"image\": 1, \"sort_order\": 0, \"page\": 3, \"caption\": \"Anuncio de Ejemplo\"}], \"search_description\": \"\", \"owner\": null, \"latest_revision_created_at\": \"2017-11-12T11:55:27.188Z\", \"go_live_at\": null, \"title\": \"Home\", \"seo_title\": \"Inicio\", \"draft_title\": \"Home\", \"live\": true, \"last_published_at\": \"2017-11-12T11:55:27.368Z\", \"has_unpublished_changes\": false, \"numchild\": 2, \"content_type\": 3, \"show_in_menus\": false, \"path\": \"00010001\", \"url_path\": \"/home/\", \"expired\": false, \"slug\": \"home\", \"about\": \"<p>\\n    Somos un taller mec\\u00e1nico multimarca especializado en la reparaci\\u00f3n \\nde veh\\u00edculos industriales y de la marca mercedes, nuestros clientes \\nllevan m\\u00e1s de 10 a\\u00f1os confiando en nosotros y adem\\u00e1s\\n    contamos con los mejores profesionales del sector, algunos con m\\u00e1s \\nde 35 a\\u00f1os de experiencia profesional. Somos eficaces y competitivos, y \\nnuestras principales caracter\\u00edsticas son la confianza\\n    depositada en nosotros por nuestros clientes y la seguridad del \\ntrabajo bien hecho. <br/></p><p>Contamos con la mejor tecnolog\\u00eda de diagnosis y con un equipo capaz de resolver cualquier problema que necesites.</p><p>\\n    Adem\\u00e1s de todo esto tenemos precios muy competitivos y \\ndescuentos y ofertas para los clientes m\\u00e1s fieles, adem\\u00e1s de promociones\\n eventuales.\\u00a0\\n</p><p></p>\", \"locked\": false, \"pk\": 3, \"depth\": 2, \"first_published_at\": \"2017-11-12T11:51:52.217Z\", \"expire_at\": null, \"live_revision\": 5}",
        "approved_go_live_at": null
    }
},
{
    "model": "wagtailcore.pagerevision",
    "pk": 7,
    "fields": {
        "page": 5,
        "submitted_for_moderation": false,
        "created_at": "2017-11-12T12:03:06.050Z",
        "user": [
            "jtrivino"
        ],
        "content_json": "{\"search_description\": \"\", \"owner\": 1, \"latest_revision_created_at\": \"2017-11-12T11:53:29.114Z\", \"go_live_at\": null, \"title\": \"Cat\\u00e1logo\", \"seo_title\": \"Cat\\u00e1logo\", \"draft_title\": \"Cat\\u00e1logo\", \"live\": true, \"last_published_at\": \"2017-11-12T11:53:29.264Z\", \"has_unpublished_changes\": false, \"numchild\": 0, \"content_type\": 14, \"show_in_menus\": true, \"services\": [{\"pk\": null, \"price\": 19.99, \"sort_order\": 0, \"page\": 5, \"name\": \"Servicio de ejemplo\"}], \"path\": \"000100010001\", \"url_path\": \"/home/catalogo/\", \"expired\": false, \"slug\": \"catalogo\", \"locked\": false, \"pk\": 5, \"depth\": 3, \"products\": [{\"name\": \"Producto de ejemplo\", \"reference\": \"12345-ABC\", \"price\": 199.99, \"long_description\": \"<h4>En este cuadro se puede a\\u00f1adir informaci\\u00f3n extensa sobre el producto, m\\u00e1s detallada.<br/></h4><p>Este producto es un ejemplo para ense\\u00f1ar la funcionalidad de a\\u00f1adir productos.</p><ul><li>Se pueden tener tantos productos como uno desee</li><li>Se puede configurar cuantos productos ense\\u00f1ar por p\\u00e1gina mediante Settings &gt; Catalog settings</li><li>Usando el formulario superior y el ubicado en el navegador, se pueden filtrar los productos por nombre y referencia.</li></ul><p>A\\u00f1adir l\\u00edneas</p><hr/>Incluso v\\u00eddeos:<br/><embed embedtype=\\\"media\\\" url=\\\"https://www.youtube.com/watch?v=kffacxfA7G4\\\"/><br/><p><br/></p>\", \"sort_order\": 0, \"image\": 1, \"short_description\": \"<p>Este producto es un ejemplo para ense\\u00f1ar la funcionalidad de a\\u00f1adir productos.</p><ul><li>Se pueden tener tantos productos como uno desee</li><li>Se puede configurar cuantos productos ense\\u00f1ar por p\\u00e1gina mediante Settings &gt; Catalog settings</li><li>Usando el formulario superior y el ubicado en el navegador, se pueden filtrar los productos por nombre y referencia.<br/></li></ul>\", \"pk\": null, \"page\": 5}], \"first_published_at\": \"2017-11-12T11:53:29.264Z\", \"expire_at\": null, \"live_revision\": 3}",
        "approved_go_live_at": null
    }
},
{
    "model": "wagtailcore.pagerevision",
    "pk": 8,
    "fields": {
        "page": 5,
        "submitted_for_moderation": false,
        "created_at": "2017-11-12T12:03:44.331Z",
        "user": [
            "jtrivino"
        ],
        "content_json": "{\"search_description\": \"\", \"owner\": 1, \"latest_revision_created_at\": \"2017-11-12T12:03:06.050Z\", \"go_live_at\": null, \"title\": \"Cat\\u00e1logo\", \"seo_title\": \"Cat\\u00e1logo\", \"draft_title\": \"Cat\\u00e1logo\", \"live\": true, \"last_published_at\": \"2017-11-12T12:03:06.239Z\", \"has_unpublished_changes\": false, \"numchild\": 0, \"content_type\": 14, \"show_in_menus\": true, \"services\": [{\"pk\": 1, \"price\": 19.99, \"sort_order\": 0, \"page\": 5, \"name\": \"Servicio de ejemplo\"}], \"path\": \"000100010001\", \"url_path\": \"/home/catalogo/\", \"expired\": false, \"slug\": \"catalogo\", \"locked\": false, \"pk\": 5, \"depth\": 3, \"products\": [{\"name\": \"Producto de ejemplo\", \"reference\": \"12345-ABC\", \"price\": 199.99, \"long_description\": \"<h4>En este cuadro se puede a\\u00f1adir informaci\\u00f3n extensa sobre el producto, m\\u00e1s detallada.<br/></h4><p>Este producto es un ejemplo para ense\\u00f1ar la funcionalidad de a\\u00f1adir productos.</p><ul><li>Se pueden tener tantos productos como uno desee</li><li>Se puede configurar cuantos productos ense\\u00f1ar por p\\u00e1gina mediante Settings &gt; Catalog settings</li><li>Usando el formulario superior y el ubicado en el navegador, se pueden filtrar los productos por nombre y referencia.</li></ul><p>A\\u00f1adir l\\u00edneas</p><hr/>Incluso v\\u00eddeos:<br/><embed embedtype=\\\"media\\\" url=\\\"https://www.youtube.com/watch?v=kffacxfA7G4\\\"/>\", \"sort_order\": 0, \"image\": 1, \"short_description\": \"<p>Este producto es un ejemplo para ense\\u00f1ar la funcionalidad de a\\u00f1adir productos.</p><ul><li>Se pueden tener tantos productos como uno desee</li><li>Se puede configurar cuantos productos ense\\u00f1ar por p\\u00e1gina mediante Settings &gt; Catalog settings</li><li>Usando el formulario superior y el ubicado en el navegador, se pueden filtrar los productos por nombre y referencia.<br/></li></ul>\", \"pk\": 1, \"page\": 5}], \"first_published_at\": \"2017-11-12T11:53:29.264Z\", \"expire_at\": null, \"live_revision\": 7}",
        "approved_go_live_at": null
    }
},
{
    "model": "wagtailcore.pagerevision",
    "pk": 9,
    "fields": {
        "page": 5,
        "submitted_for_moderation": false,
        "created_at": "2017-11-12T12:07:18.731Z",
        "user": [
            "jtrivino"
        ],
        "content_json": "{\"search_description\": \"\", \"owner\": 1, \"latest_revision_created_at\": \"2017-11-12T12:03:44.331Z\", \"go_live_at\": null, \"title\": \"Cat\\u00e1logo\", \"seo_title\": \"Cat\\u00e1logo\", \"draft_title\": \"Cat\\u00e1logo\", \"live\": true, \"last_published_at\": \"2017-11-12T12:03:44.715Z\", \"has_unpublished_changes\": false, \"numchild\": 0, \"content_type\": 14, \"show_in_menus\": true, \"services\": [{\"pk\": 1, \"price\": 19.99, \"sort_order\": 0, \"page\": 5, \"name\": \"Servicio de ejemplo\"}], \"path\": \"000100010001\", \"url_path\": \"/home/catalogo/\", \"expired\": false, \"slug\": \"catalogo\", \"locked\": false, \"pk\": 5, \"depth\": 3, \"products\": [{\"name\": \"Producto de ejemplo\", \"reference\": \"12345-ABC\", \"price\": 199.99, \"long_description\": \"<h4>En este cuadro se puede a\\u00f1adir informaci\\u00f3n extensa sobre el producto, m\\u00e1s detallada.<br/></h4><p>Este producto es un ejemplo para ense\\u00f1ar la funcionalidad de a\\u00f1adir productos.</p><ul><li>Se pueden tener tantos productos como uno desee</li><li>Se puede configurar cuantos productos ense\\u00f1ar por p\\u00e1gina mediante Settings &gt; Catalog settings</li><li>Usando el formulario superior y el ubicado en el navegador, se pueden filtrar los productos por nombre y referencia.</li></ul><p>A\\u00f1adir l\\u00edneas:</p><hr/>Documentos:<br/><a id=\\\"1\\\" linktype=\\\"document\\\">fujifilm_xt1_manual_es.pdf</a><br/><br/>Incluso v\\u00eddeos:<br/><embed embedtype=\\\"media\\\" url=\\\"https://www.youtube.com/watch?v=kffacxfA7G4\\\"/>\", \"sort_order\": 0, \"image\": 1, \"short_description\": \"<p>Este producto es un ejemplo para ense\\u00f1ar la funcionalidad de a\\u00f1adir productos.</p><ul><li>Se pueden tener tantos productos como uno desee</li><li>Se puede configurar cuantos productos ense\\u00f1ar por p\\u00e1gina mediante Settings &gt; Catalog settings</li><li>Usando el formulario superior y el ubicado en el navegador, se pueden filtrar los productos por nombre y referencia.<br/></li></ul>\", \"pk\": 1, \"page\": 5}], \"first_published_at\": \"2017-11-12T11:53:29.264Z\", \"expire_at\": null, \"live_revision\": 8}",
        "approved_go_live_at": null
    }
},
{
    "model": "wagtailcore.pagerevision",
    "pk": 10,
    "fields": {
        "page": 6,
        "submitted_for_moderation": false,
        "created_at": "2017-11-12T12:09:39.952Z",
        "user": [
            "jtrivino"
        ],
        "content_json": "{\"to_address\": \"\", \"from_address\": \"\", \"search_description\": \"\", \"owner\": 1, \"latest_revision_created_at\": \"2017-11-12T11:54:26.181Z\", \"go_live_at\": null, \"title\": \"Contacto\", \"seo_title\": \"Contacto\", \"draft_title\": \"Contacto\", \"live\": true, \"last_published_at\": \"2017-11-12T11:54:26.336Z\", \"has_unpublished_changes\": false, \"subject\": \"\", \"numchild\": 0, \"content_type\": 10, \"show_in_menus\": true, \"thank_you_text\": \"<h3>Gracias por contactar con nosotros. Le responderemos lo m\\u00e1s r\\u00e1pido posible.<br/></h3>\", \"path\": \"000100010002\", \"url_path\": \"/home/contacto/\", \"expired\": false, \"slug\": \"contacto\", \"locked\": false, \"pk\": 6, \"form_fields\": [{\"default_value\": \"\", \"field_type\": \"singleline\", \"required\": true, \"choices\": \"\", \"sort_order\": 0, \"help_text\": \"Nombre para dirigirse a usted.\", \"pk\": null, \"label\": \"Nombre completo\", \"page\": 6}, {\"default_value\": \"\", \"field_type\": \"email\", \"required\": true, \"choices\": \"\", \"sort_order\": 1, \"help_text\": \"Su correo para poder contestarle.\", \"pk\": null, \"label\": \"Correo electr\\u00f3nico\", \"page\": 6}, {\"default_value\": \"\", \"field_type\": \"singleline\", \"required\": false, \"choices\": \"\", \"sort_order\": 2, \"help_text\": \"Opcionalmente nos puede dar su tel\\u00e9fono si lo desea.\", \"pk\": null, \"label\": \"Tel\\u00e9fono\", \"page\": 6}, {\"default_value\": \"\", \"field_type\": \"multiline\", \"required\": true, \"choices\": \"\", \"sort_order\": 3, \"help_text\": \"Escr\\u00edbanos su consulta.\", \"pk\": null, \"label\": \"Mensaje\", \"page\": 6}], \"depth\": 3, \"first_published_at\": \"2017-11-12T11:54:26.336Z\", \"expire_at\": null, \"live_revision\": 4}",
        "approved_go_live_at": null
    }
},
{
    "model": "wagtailcore.pagerevision",
    "pk": 11,
    "fields": {
        "page": 6,
        "submitted_for_moderation": false,
        "created_at": "2017-11-12T12:10:20.703Z",
        "user": [
            "jtrivino"
        ],
        "content_json": "{\"to_address\": \"\", \"from_address\": \"\", \"search_description\": \"\", \"owner\": 1, \"latest_revision_created_at\": \"2017-11-12T12:09:39.952Z\", \"go_live_at\": null, \"title\": \"Contacto\", \"seo_title\": \"Contacto\", \"draft_title\": \"Contacto\", \"live\": true, \"last_published_at\": \"2017-11-12T12:09:40.278Z\", \"has_unpublished_changes\": false, \"subject\": \"\", \"numchild\": 0, \"content_type\": 10, \"show_in_menus\": true, \"thank_you_text\": \"<h3>Gracias por contactar con nosotros. Le responderemos lo m\\u00e1s r\\u00e1pido posible.<br/></h3>\", \"path\": \"000100010002\", \"url_path\": \"/home/contacto/\", \"expired\": false, \"slug\": \"contacto\", \"locked\": false, \"pk\": 6, \"form_fields\": [{\"default_value\": \"\", \"field_type\": \"singleline\", \"required\": true, \"choices\": \"\", \"sort_order\": 0, \"help_text\": \"\", \"pk\": 1, \"label\": \"Nombre completo\", \"page\": 6}, {\"default_value\": \"\", \"field_type\": \"email\", \"required\": true, \"choices\": \"\", \"sort_order\": 1, \"help_text\": \"\", \"pk\": 2, \"label\": \"Correo electr\\u00f3nico\", \"page\": 6}, {\"default_value\": \"\", \"field_type\": \"singleline\", \"required\": false, \"choices\": \"\", \"sort_order\": 2, \"help_text\": \"\", \"pk\": 3, \"label\": \"Tel\\u00e9fono\", \"page\": 6}, {\"default_value\": \"\", \"field_type\": \"multiline\", \"required\": true, \"choices\": \"\", \"sort_order\": 3, \"help_text\": \"Escr\\u00edbanos su consulta.\", \"pk\": 4, \"label\": \"Mensaje\", \"page\": 6}], \"depth\": 3, \"first_published_at\": \"2017-11-12T11:54:26.336Z\", \"expire_at\": null, \"live_revision\": 10}",
        "approved_go_live_at": null
    }
},
{
    "model": "wagtailcore.pagerevision",
    "pk": 12,
    "fields": {
        "page": 6,
        "submitted_for_moderation": false,
        "created_at": "2017-11-12T12:43:34.686Z",
        "user": [
            "jtrivino"
        ],
        "content_json": "{\"to_address\": \"\", \"from_address\": \"\", \"search_description\": \"\", \"owner\": 1, \"latest_revision_created_at\": \"2017-11-12T12:10:20.703Z\", \"go_live_at\": null, \"title\": \"Contacto\", \"seo_title\": \"Contacto\", \"draft_title\": \"Contacto\", \"live\": true, \"last_published_at\": \"2017-11-12T12:10:21.131Z\", \"has_unpublished_changes\": false, \"subject\": \"\", \"numchild\": 0, \"content_type\": 10, \"show_in_menus\": true, \"thank_you_text\": \"<p>Gracias por contactar con nosotros. Le responderemos lo m\\u00e1s r\\u00e1pido posible.<br/></p>\", \"path\": \"000100010002\", \"url_path\": \"/home/contacto/\", \"expired\": false, \"slug\": \"contacto\", \"locked\": false, \"pk\": 6, \"form_fields\": [{\"default_value\": \"\", \"field_type\": \"singleline\", \"required\": true, \"choices\": \"\", \"sort_order\": 0, \"help_text\": \"\", \"pk\": 1, \"label\": \"Nombre completo\", \"page\": 6}, {\"default_value\": \"\", \"field_type\": \"email\", \"required\": true, \"choices\": \"\", \"sort_order\": 1, \"help_text\": \"\", \"pk\": 2, \"label\": \"Correo electr\\u00f3nico\", \"page\": 6}, {\"default_value\": \"\", \"field_type\": \"singleline\", \"required\": false, \"choices\": \"\", \"sort_order\": 2, \"help_text\": \"\", \"pk\": 3, \"label\": \"Tel\\u00e9fono\", \"page\": 6}, {\"default_value\": \"\", \"field_type\": \"multiline\", \"required\": true, \"choices\": \"\", \"sort_order\": 3, \"help_text\": \"Escr\\u00edbanos su consulta.\", \"pk\": 4, \"label\": \"Mensaje\", \"page\": 6}], \"depth\": 3, \"first_published_at\": \"2017-11-12T11:54:26.336Z\", \"expire_at\": null, \"live_revision\": 11}",
        "approved_go_live_at": null
    }
},
{
    "model": "wagtailcore.page",
    "pk": 1,
    "fields": {
        "path": "0001",
        "depth": 1,
        "numchild": 1,
        "title": "Root",
        "draft_title": "Root",
        "slug": "root",
        "content_type": [
            "wagtailcore",
            "page"
        ],
        "live": true,
        "has_unpublished_changes": false,
        "url_path": "/",
        "owner": null,
        "seo_title": "",
        "show_in_menus": false,
        "search_description": "",
        "go_live_at": null,
        "expire_at": null,
        "expired": false,
        "locked": false,
        "first_published_at": null,
        "last_published_at": null,
        "latest_revision_created_at": null,
        "live_revision": null
    }
},
{
    "model": "wagtailcore.page",
    "pk": 3,
    "fields": {
        "path": "00010001",
        "depth": 2,
        "numchild": 2,
        "title": "Home",
        "draft_title": "Home",
        "slug": "home",
        "content_type": [
            "home",
            "homepage"
        ],
        "live": true,
        "has_unpublished_changes": false,
        "url_path": "/home/",
        "owner": null,
        "seo_title": "Inicio",
        "show_in_menus": false,
        "search_description": "",
        "go_live_at": null,
        "expire_at": null,
        "expired": false,
        "locked": false,
        "first_published_at": "2017-11-12T11:51:52.217Z",
        "last_published_at": "2017-11-12T11:55:39.617Z",
        "latest_revision_created_at": "2017-11-12T11:55:39.448Z",
        "live_revision": 6
    }
},
{
    "model": "wagtailcore.page",
    "pk": 5,
    "fields": {
        "path": "000100010001",
        "depth": 3,
        "numchild": 0,
        "title": "Cat\u00e1logo",
        "draft_title": "Cat\u00e1logo",
        "slug": "catalogo",
        "content_type": [
            "catalog",
            "catalogpage"
        ],
        "live": true,
        "has_unpublished_changes": false,
        "url_path": "/home/catalogo/",
        "owner": [
            "jtrivino"
        ],
        "seo_title": "Cat\u00e1logo",
        "show_in_menus": true,
        "search_description": "",
        "go_live_at": null,
        "expire_at": null,
        "expired": false,
        "locked": false,
        "first_published_at": "2017-11-12T11:53:29.264Z",
        "last_published_at": "2017-11-12T12:07:18.909Z",
        "latest_revision_created_at": "2017-11-12T12:07:18.731Z",
        "live_revision": 9
    }
},
{
    "model": "wagtailcore.page",
    "pk": 6,
    "fields": {
        "path": "000100010002",
        "depth": 3,
        "numchild": 0,
        "title": "Contacto",
        "draft_title": "Contacto",
        "slug": "contacto",
        "content_type": [
            "base",
            "contactpage"
        ],
        "live": true,
        "has_unpublished_changes": false,
        "url_path": "/home/contacto/",
        "owner": [
            "jtrivino"
        ],
        "seo_title": "Contacto",
        "show_in_menus": true,
        "search_description": "",
        "go_live_at": null,
        "expire_at": null,
        "expired": false,
        "locked": false,
        "first_published_at": "2017-11-12T11:54:26.336Z",
        "last_published_at": "2017-11-12T12:43:35.047Z",
        "latest_revision_created_at": "2017-11-12T12:43:34.686Z",
        "live_revision": 12
    }
},
{
    "model": "wagtailimages.image",
    "pk": 1,
    "fields": {
        "collection": 1,
        "title": "Im\u00e1gen de ejemplo",
        "file": "original_images/imagen_share.png",
        "width": 1200,
        "height": 630,
        "created_at": "2017-11-12T11:50:58.259Z",
        "uploaded_by_user": [
            "jtrivino"
        ],
        "focal_point_x": null,
        "focal_point_y": null,
        "focal_point_width": null,
        "focal_point_height": null,
        "file_size": null
    }
},
{
    "model": "wagtaildocs.document",
    "pk": 1,
    "fields": {
        "collection": 1,
        "title": "fujifilm_xt1_manual_es.pdf",
        "file": "documents/fujifilm_xt1_manual_es.pdf",
        "created_at": "2017-11-12T12:06:20.459Z",
        "uploaded_by_user": [
            "jtrivino"
        ]
    }
},
{
    "model": "wagtailusers.userprofile",
    "pk": 1,
    "fields": {
        "user": [
            "jtrivino"
        ],
        "submitted_notifications": true,
        "approved_notifications": true,
        "rejected_notifications": true,
        "preferred_language": ""
    }
},
{
    "model": "wagtailusers.userprofile",
    "pk": 2,
    "fields": {
        "user": [
            "fmartin"
        ],
        "submitted_notifications": true,
        "approved_notifications": true,
        "rejected_notifications": true,
        "preferred_language": "es"
    }
},
{
    "model": "catalog.catalogpage",
    "pk": 5,
    "fields": {}
},
{
    "model": "catalog.catalogsettings",
    "pk": 1,
    "fields": {
        "site": [
            "localhost",
            80
        ],
        "default_per_page": 50
    }
},
{
    "model": "base.contactpage",
    "pk": 6,
    "fields": {}
},
{
    "model": "base.formpage",
    "pk": 6,
    "fields": {
        "to_address": "",
        "from_address": "",
        "subject": "",
        "thank_you_text": "<p>Gracias por contactar con nosotros. Le responderemos lo m\u00e1s r\u00e1pido posible.<br/></p>"
    }
},
{
    "model": "base.companyinfosettings",
    "pk": 1,
    "fields": {
        "site": [
            "localhost",
            80
        ],
        "company_name": "Reparaciones Maza S.L.",
        "company_cif": "CIF",
        "company_location": "Calle Azores, N\u00ba 11, Pol\u00edgono Industrial \"El Cascajal\" 28320, Pinto (Madrid)",
        "company_phones": "<p><b>Tlf.: </b>916913805</p><p><b>Fax:</b> 916913805 </p><p></p>",
        "company_opening_hours": "<p><b>Lunes a Viernes:</b></p><p>7:30 a 14:30,</p><p>15:30 a 19:30</p><p><b>S\u00e1bados, Domingos y Festivos:</b></p><p>Cerrado<br/></p>",
        "company_facebook_url": "https://es-es.facebook.com/Reparaciones-Maza-SL-149339081937149/"
    }
},
{
    "model": "home.homepage",
    "pk": 3,
    "fields": {
        "about": "<p>\n    Somos un taller mec\u00e1nico multimarca especializado en la reparaci\u00f3n \nde veh\u00edculos industriales y de la marca mercedes, nuestros clientes \nllevan m\u00e1s de 10 a\u00f1os confiando en nosotros y adem\u00e1s\n    contamos con los mejores profesionales del sector, algunos con m\u00e1s \nde 35 a\u00f1os de experiencia profesional. Somos eficaces y competitivos, y \nnuestras principales caracter\u00edsticas son la confianza\n    depositada en nosotros por nuestros clientes y la seguridad del \ntrabajo bien hecho. <br/></p><p>Contamos con la mejor tecnolog\u00eda de diagnosis y con un equipo capaz de resolver cualquier problema que necesites.</p><p>\n    Adem\u00e1s de todo esto tenemos precios muy competitivos y \ndescuentos y ofertas para los clientes m\u00e1s fieles, adem\u00e1s de promociones\n eventuales.\u00a0\n</p><p></p>"
    }
}
]
