[{"model": "home.homepagegalleryimage", "pk": 1, "fields": {"sort_order": 0, "page": 3, "image": 1, "caption": "Anuncio de Ejemplo"}}, {"model": "base.formfield", "pk": 1, "fields": {"sort_order": 0, "label": "Nombre completo", "field_type": "singleline", "required": true, "choices": "", "default_value": "", "help_text": "", "page": 6}}, {"model": "base.formfield", "pk": 2, "fields": {"sort_order": 1, "label": "Correo electr\u00f3nico", "field_type": "email", "required": true, "choices": "", "default_value": "", "help_text": "", "page": 6}}, {"model": "base.formfield", "pk": 3, "fields": {"sort_order": 2, "label": "Tel\u00e9fono", "field_type": "singleline", "required": false, "choices": "", "default_value": "", "help_text": "", "page": 6}}, {"model": "base.formfield", "pk": 4, "fields": {"sort_order": 3, "label": "Mensaje", "field_type": "multiline", "required": true, "choices": "", "default_value": "", "help_text": "Escr\u00edbanos su consulta.", "page": 6}}, {"model": "catalog.catalogpageservice", "pk": 1, "fields": {"sort_order": 0, "page": 5, "name": "Servicio de ejemplo", "price": 19.99}}, {"model": "catalog.catalogpageproduct", "pk": 1, "fields": {"sort_order": 0, "page": 5, "reference": "12345-ABC", "name": "Producto de ejemplo", "short_description": "<p>Este producto es un ejemplo para ense\u00f1ar la funcionalidad de a\u00f1adir productos.</p><ul><li>Se pueden tener tantos productos como uno desee</li><li>Se puede configurar cuantos productos ense\u00f1ar por p\u00e1gina mediante Settings &gt; Catalog settings</li><li>Usando el formulario superior y el ubicado en el navegador, se pueden filtrar los productos por nombre y referencia.<br/></li></ul>", "long_description": "<h4>En este cuadro se puede a\u00f1adir informaci\u00f3n extensa sobre el producto, m\u00e1s detallada.<br/></h4><p>Este producto es un ejemplo para ense\u00f1ar la funcionalidad de a\u00f1adir productos.</p><ul><li>Se pueden tener tantos productos como uno desee</li><li>Se puede configurar cuantos productos ense\u00f1ar por p\u00e1gina mediante Settings &gt; Catalog settings</li><li>Usando el formulario superior y el ubicado en el navegador, se pueden filtrar los productos por nombre y referencia.</li></ul><p>A\u00f1adir l\u00edneas:</p><hr/>Documentos:<br/><a id=\"1\" linktype=\"document\">fujifilm_xt1_manual_es.pdf</a><br/><br/>Incluso v\u00eddeos:<br/><embed embedtype=\"media\" url=\"https://www.youtube.com/watch?v=kffacxfA7G4\"/>", "price": 199.99, "image": 1}}, {"model": "wagtailforms.formsubmission", "pk": 1, "fields": {"form_data": "{\"nombre-completo\": \"Roberto\", \"mensaje\": \"Este es un mensaje de ejemplo, enviado desde el formulario de la web.\", \"correo-electronico\": \"roberto@gmail.com\", \"telefono\": \"685544411\"}", "page": 6, "submit_time": "2017-11-12T12:43:13.625Z"}}, {"model": "wagtailembeds.embed", "pk": 1, "fields": {"url": "https://www.youtube.com/watch?v=kffacxfA7G4", "max_width": null, "type": "video", "html": "<iframe width=\"459\" height=\"344\" src=\"https://www.youtube.com/embed/kffacxfA7G4?feature=oembed\" frameborder=\"0\" gesture=\"media\" allowfullscreen></iframe>", "title": "Justin Bieber - Baby ft. Ludacris", "author_name": "JustinBieberVEVO", "provider_name": "YouTube", "thumbnail_url": "https://i.ytimg.com/vi/kffacxfA7G4/hqdefault.jpg", "width": 459, "height": 344, "last_updated": "2017-11-12T12:02:28.101Z"}}, {"model": "wagtailimages.rendition", "pk": 1, "fields": {"filter_spec": "max-165x165", "file": "images/imagen_share.max-165x165.png", "width": 165, "height": 86, "focal_point_key": "", "image": 1}}, {"model": "wagtailimages.rendition", "pk": 2, "fields": {"filter_spec": "height-500", "file": "images/imagen_share.height-500.png", "width": 952, "height": 500, "focal_point_key": "", "image": 1}}, {"model": "wagtailimages.rendition", "pk": 3, "fields": {"filter_spec": "width-500", "file": "images/imagen_share.width-500.png", "width": 500, "height": 262, "focal_point_key": "", "image": 1}}, {"model": "wagtailcore.site", "pk": 2, "fields": {"hostname": "localhost", "port": 80, "site_name": "Reparaciones Maza S.L.", "root_page": 3, "is_default_site": true}}, {"model": "wagtailcore.collection", "pk": 1, "fields": {"path": "0001", "depth": 1, "numchild": 0, "name": "Root"}}, {"model": "contenttypes.contenttype", "pk": 1, "fields": {"app_label": "wagtailcore", "model": "page"}}, {"model": "contenttypes.contenttype", "pk": 2, "fields": {"app_label": "wagtailimages", "model": "image"}}, {"model": "contenttypes.contenttype", "pk": 3, "fields": {"app_label": "home", "model": "homepage"}}, {"model": "contenttypes.contenttype", "pk": 4, "fields": {"app_label": "wagtailadmin", "model": "admin"}}, {"model": "contenttypes.contenttype", "pk": 5, "fields": {"app_label": "wagtaildocs", "model": "document"}}, {"model": "contenttypes.contenttype", "pk": 6, "fields": {"app_label": "home", "model": "homepagegalleryimage"}}, {"model": "contenttypes.contenttype", "pk": 7, "fields": {"app_label": "base", "model": "formfield"}}, {"model": "contenttypes.contenttype", "pk": 8, "fields": {"app_label": "base", "model": "companyinfosettings"}}, {"model": "contenttypes.contenttype", "pk": 9, "fields": {"app_label": "base", "model": "formpage"}}, {"model": "contenttypes.contenttype", "pk": 10, "fields": {"app_label": "base", "model": "contactpage"}}, {"model": "contenttypes.contenttype", "pk": 11, "fields": {"app_label": "catalog", "model": "catalogpageproduct"}}, {"model": "contenttypes.contenttype", "pk": 12, "fields": {"app_label": "catalog", "model": "catalogsettings"}}, {"model": "contenttypes.contenttype", "pk": 13, "fields": {"app_label": "catalog", "model": "catalogpageservice"}}, {"model": "contenttypes.contenttype", "pk": 14, "fields": {"app_label": "catalog", "model": "catalogpage"}}, {"model": "contenttypes.contenttype", "pk": 15, "fields": {"app_label": "wagtailforms", "model": "formsubmission"}}, {"model": "contenttypes.contenttype", "pk": 16, "fields": {"app_label": "wagtailredirects", "model": "redirect"}}, {"model": "contenttypes.contenttype", "pk": 17, "fields": {"app_label": "wagtailembeds", "model": "embed"}}, {"model": "contenttypes.contenttype", "pk": 18, "fields": {"app_label": "wagtailusers", "model": "userprofile"}}, {"model": "contenttypes.contenttype", "pk": 19, "fields": {"app_label": "wagtailimages", "model": "rendition"}}, {"model": "contenttypes.contenttype", "pk": 20, "fields": {"app_label": "wagtailsearch", "model": "querydailyhits"}}, {"model": "contenttypes.contenttype", "pk": 21, "fields": {"app_label": "wagtailsearch", "model": "query"}}, {"model": "contenttypes.contenttype", "pk": 22, "fields": {"app_label": "wagtailcore", "model": "grouppagepermission"}}, {"model": "contenttypes.contenttype", "pk": 23, "fields": {"app_label": "wagtailcore", "model": "pageviewrestriction"}}, {"model": "contenttypes.contenttype", "pk": 24, "fields": {"app_label": "wagtailcore", "model": "groupcollectionpermission"}}, {"model": "contenttypes.contenttype", "pk": 25, "fields": {"app_label": "wagtailcore", "model": "pagerevision"}}, {"model": "contenttypes.contenttype", "pk": 26, "fields": {"app_label": "wagtailcore", "model": "collectionviewrestriction"}}, {"model": "contenttypes.contenttype", "pk": 27, "fields": {"app_label": "wagtailcore", "model": "site"}}, {"model": "contenttypes.contenttype", "pk": 28, "fields": {"app_label": "wagtailcore", "model": "collection"}}, {"model": "contenttypes.contenttype", "pk": 29, "fields": {"app_label": "taggit", "model": "taggeditem"}}, {"model": "contenttypes.contenttype", "pk": 30, "fields": {"app_label": "taggit", "model": "tag"}}, {"model": "contenttypes.contenttype", "pk": 31, "fields": {"app_label": "admin", "model": "logentry"}}, {"model": "contenttypes.contenttype", "pk": 32, "fields": {"app_label": "auth", "model": "group"}}, {"model": "contenttypes.contenttype", "pk": 33, "fields": {"app_label": "auth", "model": "permission"}}, {"model": "contenttypes.contenttype", "pk": 34, "fields": {"app_label": "auth", "model": "user"}}, {"model": "contenttypes.contenttype", "pk": 35, "fields": {"app_label": "contenttypes", "model": "contenttype"}}, {"model": "contenttypes.contenttype", "pk": 36, "fields": {"app_label": "sessions", "model": "session"}}, {"model": "sessions.session", "pk": "0dxs7j0okzc4pk1tumzkul607ncrirx7", "fields": {"session_data": "MGY5NTc2NjQ0YWM2MjA5ZjAxYTFiZjU2OWRhNWRmOWU4NzEwZTE0Zjp7Il9hdXRoX3VzZXJfaGFzaCI6IjQ4Y2QxN2YzMmRlMzlkZGJlNzE3MzcxZWJiZDAyMzk1N2UxNTk2Y2IiLCJfYXV0aF91c2VyX2JhY2tlbmQiOiJkamFuZ28uY29udHJpYi5hdXRoLmJhY2tlbmRzLk1vZGVsQmFja2VuZCIsIl9hdXRoX3VzZXJfaWQiOiIxIn0=", "expire_date": "2017-11-26T13:06:33.392Z"}}, {"model": "auth.permission", "pk": 1, "fields": {"name": "Can add image", "content_type": 2, "codename": "add_image"}}, {"model": "auth.permission", "pk": 2, "fields": {"name": "Can change image", "content_type": 2, "codename": "change_image"}}, {"model": "auth.permission", "pk": 3, "fields": {"name": "Can delete image", "content_type": 2, "codename": "delete_image"}}, {"model": "auth.permission", "pk": 4, "fields": {"name": "Can access Wagtail admin", "content_type": 4, "codename": "access_admin"}}, {"model": "auth.permission", "pk": 5, "fields": {"name": "Can add document", "content_type": 5, "codename": "add_document"}}, {"model": "auth.permission", "pk": 6, "fields": {"name": "Can change document", "content_type": 5, "codename": "change_document"}}, {"model": "auth.permission", "pk": 7, "fields": {"name": "Can delete document", "content_type": 5, "codename": "delete_document"}}, {"model": "auth.permission", "pk": 8, "fields": {"name": "Can add home page gallery image", "content_type": 6, "codename": "add_homepagegalleryimage"}}, {"model": "auth.permission", "pk": 9, "fields": {"name": "Can change home page gallery image", "content_type": 6, "codename": "change_homepagegalleryimage"}}, {"model": "auth.permission", "pk": 10, "fields": {"name": "Can delete home page gallery image", "content_type": 6, "codename": "delete_homepagegalleryimage"}}, {"model": "auth.permission", "pk": 11, "fields": {"name": "Can add home page", "content_type": 3, "codename": "add_homepage"}}, {"model": "auth.permission", "pk": 12, "fields": {"name": "Can change home page", "content_type": 3, "codename": "change_homepage"}}, {"model": "auth.permission", "pk": 13, "fields": {"name": "Can delete home page", "content_type": 3, "codename": "delete_homepage"}}, {"model": "auth.permission", "pk": 14, "fields": {"name": "Can add form field", "content_type": 7, "codename": "add_formfield"}}, {"model": "auth.permission", "pk": 15, "fields": {"name": "Can change form field", "content_type": 7, "codename": "change_formfield"}}, {"model": "auth.permission", "pk": 16, "fields": {"name": "Can delete form field", "content_type": 7, "codename": "delete_formfield"}}, {"model": "auth.permission", "pk": 17, "fields": {"name": "Can add company info settings", "content_type": 8, "codename": "add_companyinfosettings"}}, {"model": "auth.permission", "pk": 18, "fields": {"name": "Can change company info settings", "content_type": 8, "codename": "change_companyinfosettings"}}, {"model": "auth.permission", "pk": 19, "fields": {"name": "Can delete company info settings", "content_type": 8, "codename": "delete_companyinfosettings"}}, {"model": "auth.permission", "pk": 20, "fields": {"name": "Can add form page", "content_type": 9, "codename": "add_formpage"}}, {"model": "auth.permission", "pk": 21, "fields": {"name": "Can change form page", "content_type": 9, "codename": "change_formpage"}}, {"model": "auth.permission", "pk": 22, "fields": {"name": "Can delete form page", "content_type": 9, "codename": "delete_formpage"}}, {"model": "auth.permission", "pk": 23, "fields": {"name": "Can add contact page", "content_type": 10, "codename": "add_contactpage"}}, {"model": "auth.permission", "pk": 24, "fields": {"name": "Can change contact page", "content_type": 10, "codename": "change_contactpage"}}, {"model": "auth.permission", "pk": 25, "fields": {"name": "Can delete contact page", "content_type": 10, "codename": "delete_contactpage"}}, {"model": "auth.permission", "pk": 26, "fields": {"name": "Can add catalog page product", "content_type": 11, "codename": "add_catalogpageproduct"}}, {"model": "auth.permission", "pk": 27, "fields": {"name": "Can change catalog page product", "content_type": 11, "codename": "change_catalogpageproduct"}}, {"model": "auth.permission", "pk": 28, "fields": {"name": "Can delete catalog page product", "content_type": 11, "codename": "delete_catalogpageproduct"}}, {"model": "auth.permission", "pk": 29, "fields": {"name": "Can add catalog settings", "content_type": 12, "codename": "add_catalogsettings"}}, {"model": "auth.permission", "pk": 30, "fields": {"name": "Can change catalog settings", "content_type": 12, "codename": "change_catalogsettings"}}, {"model": "auth.permission", "pk": 31, "fields": {"name": "Can delete catalog settings", "content_type": 12, "codename": "delete_catalogsettings"}}, {"model": "auth.permission", "pk": 32, "fields": {"name": "Can add catalog page service", "content_type": 13, "codename": "add_catalogpageservice"}}, {"model": "auth.permission", "pk": 33, "fields": {"name": "Can change catalog page service", "content_type": 13, "codename": "change_catalogpageservice"}}, {"model": "auth.permission", "pk": 34, "fields": {"name": "Can delete catalog page service", "content_type": 13, "codename": "delete_catalogpageservice"}}, {"model": "auth.permission", "pk": 35, "fields": {"name": "Can add catalog page", "content_type": 14, "codename": "add_catalogpage"}}, {"model": "auth.permission", "pk": 36, "fields": {"name": "Can change catalog page", "content_type": 14, "codename": "change_catalogpage"}}, {"model": "auth.permission", "pk": 37, "fields": {"name": "Can delete catalog page", "content_type": 14, "codename": "delete_catalogpage"}}, {"model": "auth.permission", "pk": 38, "fields": {"name": "Can add form submission", "content_type": 15, "codename": "add_formsubmission"}}, {"model": "auth.permission", "pk": 39, "fields": {"name": "Can change form submission", "content_type": 15, "codename": "change_formsubmission"}}, {"model": "auth.permission", "pk": 40, "fields": {"name": "Can delete form submission", "content_type": 15, "codename": "delete_formsubmission"}}, {"model": "auth.permission", "pk": 41, "fields": {"name": "Can add redirect", "content_type": 16, "codename": "add_redirect"}}, {"model": "auth.permission", "pk": 42, "fields": {"name": "Can change redirect", "content_type": 16, "codename": "change_redirect"}}, {"model": "auth.permission", "pk": 43, "fields": {"name": "Can delete redirect", "content_type": 16, "codename": "delete_redirect"}}, {"model": "auth.permission", "pk": 44, "fields": {"name": "Can add embed", "content_type": 17, "codename": "add_embed"}}, {"model": "auth.permission", "pk": 45, "fields": {"name": "Can change embed", "content_type": 17, "codename": "change_embed"}}, {"model": "auth.permission", "pk": 46, "fields": {"name": "Can delete embed", "content_type": 17, "codename": "delete_embed"}}, {"model": "auth.permission", "pk": 47, "fields": {"name": "Can add user profile", "content_type": 18, "codename": "add_userprofile"}}, {"model": "auth.permission", "pk": 48, "fields": {"name": "Can change user profile", "content_type": 18, "codename": "change_userprofile"}}, {"model": "auth.permission", "pk": 49, "fields": {"name": "Can delete user profile", "content_type": 18, "codename": "delete_userprofile"}}, {"model": "auth.permission", "pk": 50, "fields": {"name": "Can add rendition", "content_type": 19, "codename": "add_rendition"}}, {"model": "auth.permission", "pk": 51, "fields": {"name": "Can change rendition", "content_type": 19, "codename": "change_rendition"}}, {"model": "auth.permission", "pk": 52, "fields": {"name": "Can delete rendition", "content_type": 19, "codename": "delete_rendition"}}, {"model": "auth.permission", "pk": 53, "fields": {"name": "Can add Query Daily Hits", "content_type": 20, "codename": "add_querydailyhits"}}, {"model": "auth.permission", "pk": 54, "fields": {"name": "Can change Query Daily Hits", "content_type": 20, "codename": "change_querydailyhits"}}, {"model": "auth.permission", "pk": 55, "fields": {"name": "Can delete Query Daily Hits", "content_type": 20, "codename": "delete_querydailyhits"}}, {"model": "auth.permission", "pk": 56, "fields": {"name": "Can add query", "content_type": 21, "codename": "add_query"}}, {"model": "auth.permission", "pk": 57, "fields": {"name": "Can change query", "content_type": 21, "codename": "change_query"}}, {"model": "auth.permission", "pk": 58, "fields": {"name": "Can delete query", "content_type": 21, "codename": "delete_query"}}, {"model": "auth.permission", "pk": 59, "fields": {"name": "Can add group page permission", "content_type": 22, "codename": "add_grouppagepermission"}}, {"model": "auth.permission", "pk": 60, "fields": {"name": "Can change group page permission", "content_type": 22, "codename": "change_grouppagepermission"}}, {"model": "auth.permission", "pk": 61, "fields": {"name": "Can delete group page permission", "content_type": 22, "codename": "delete_grouppagepermission"}}, {"model": "auth.permission", "pk": 62, "fields": {"name": "Can add page view restriction", "content_type": 23, "codename": "add_pageviewrestriction"}}, {"model": "auth.permission", "pk": 63, "fields": {"name": "Can change page view restriction", "content_type": 23, "codename": "change_pageviewrestriction"}}, {"model": "auth.permission", "pk": 64, "fields": {"name": "Can delete page view restriction", "content_type": 23, "codename": "delete_pageviewrestriction"}}, {"model": "auth.permission", "pk": 65, "fields": {"name": "Can add group collection permission", "content_type": 24, "codename": "add_groupcollectionpermission"}}, {"model": "auth.permission", "pk": 66, "fields": {"name": "Can change group collection permission", "content_type": 24, "codename": "change_groupcollectionpermission"}}, {"model": "auth.permission", "pk": 67, "fields": {"name": "Can delete group collection permission", "content_type": 24, "codename": "delete_groupcollectionpermission"}}, {"model": "auth.permission", "pk": 68, "fields": {"name": "Can add page revision", "content_type": 25, "codename": "add_pagerevision"}}, {"model": "auth.permission", "pk": 69, "fields": {"name": "Can change page revision", "content_type": 25, "codename": "change_pagerevision"}}, {"model": "auth.permission", "pk": 70, "fields": {"name": "Can delete page revision", "content_type": 25, "codename": "delete_pagerevision"}}, {"model": "auth.permission", "pk": 71, "fields": {"name": "Can add collection view restriction", "content_type": 26, "codename": "add_collectionviewrestriction"}}, {"model": "auth.permission", "pk": 72, "fields": {"name": "Can change collection view restriction", "content_type": 26, "codename": "change_collectionviewrestriction"}}, {"model": "auth.permission", "pk": 73, "fields": {"name": "Can delete collection view restriction", "content_type": 26, "codename": "delete_collectionviewrestriction"}}, {"model": "auth.permission", "pk": 74, "fields": {"name": "Can add site", "content_type": 27, "codename": "add_site"}}, {"model": "auth.permission", "pk": 75, "fields": {"name": "Can change site", "content_type": 27, "codename": "change_site"}}, {"model": "auth.permission", "pk": 76, "fields": {"name": "Can delete site", "content_type": 27, "codename": "delete_site"}}, {"model": "auth.permission", "pk": 77, "fields": {"name": "Can add page", "content_type": 1, "codename": "add_page"}}, {"model": "auth.permission", "pk": 78, "fields": {"name": "Can change page", "content_type": 1, "codename": "change_page"}}, {"model": "auth.permission", "pk": 79, "fields": {"name": "Can delete page", "content_type": 1, "codename": "delete_page"}}, {"model": "auth.permission", "pk": 80, "fields": {"name": "Can add collection", "content_type": 28, "codename": "add_collection"}}, {"model": "auth.permission", "pk": 81, "fields": {"name": "Can change collection", "content_type": 28, "codename": "change_collection"}}, {"model": "auth.permission", "pk": 82, "fields": {"name": "Can delete collection", "content_type": 28, "codename": "delete_collection"}}, {"model": "auth.permission", "pk": 83, "fields": {"name": "Can add Tagged Item", "content_type": 29, "codename": "add_taggeditem"}}, {"model": "auth.permission", "pk": 84, "fields": {"name": "Can change Tagged Item", "content_type": 29, "codename": "change_taggeditem"}}, {"model": "auth.permission", "pk": 85, "fields": {"name": "Can delete Tagged Item", "content_type": 29, "codename": "delete_taggeditem"}}, {"model": "auth.permission", "pk": 86, "fields": {"name": "Can add Tag", "content_type": 30, "codename": "add_tag"}}, {"model": "auth.permission", "pk": 87, "fields": {"name": "Can change Tag", "content_type": 30, "codename": "change_tag"}}, {"model": "auth.permission", "pk": 88, "fields": {"name": "Can delete Tag", "content_type": 30, "codename": "delete_tag"}}, {"model": "auth.permission", "pk": 89, "fields": {"name": "Can add log entry", "content_type": 31, "codename": "add_logentry"}}, {"model": "auth.permission", "pk": 90, "fields": {"name": "Can change log entry", "content_type": 31, "codename": "change_logentry"}}, {"model": "auth.permission", "pk": 91, "fields": {"name": "Can delete log entry", "content_type": 31, "codename": "delete_logentry"}}, {"model": "auth.permission", "pk": 92, "fields": {"name": "Can add group", "content_type": 32, "codename": "add_group"}}, {"model": "auth.permission", "pk": 93, "fields": {"name": "Can change group", "content_type": 32, "codename": "change_group"}}, {"model": "auth.permission", "pk": 94, "fields": {"name": "Can delete group", "content_type": 32, "codename": "delete_group"}}, {"model": "auth.permission", "pk": 95, "fields": {"name": "Can add permission", "content_type": 33, "codename": "add_permission"}}, {"model": "auth.permission", "pk": 96, "fields": {"name": "Can change permission", "content_type": 33, "codename": "change_permission"}}, {"model": "auth.permission", "pk": 97, "fields": {"name": "Can delete permission", "content_type": 33, "codename": "delete_permission"}}, {"model": "auth.permission", "pk": 98, "fields": {"name": "Can add user", "content_type": 34, "codename": "add_user"}}, {"model": "auth.permission", "pk": 99, "fields": {"name": "Can change user", "content_type": 34, "codename": "change_user"}}, {"model": "auth.permission", "pk": 100, "fields": {"name": "Can delete user", "content_type": 34, "codename": "delete_user"}}, {"model": "auth.permission", "pk": 101, "fields": {"name": "Can add content type", "content_type": 35, "codename": "add_contenttype"}}, {"model": "auth.permission", "pk": 102, "fields": {"name": "Can change content type", "content_type": 35, "codename": "change_contenttype"}}, {"model": "auth.permission", "pk": 103, "fields": {"name": "Can delete content type", "content_type": 35, "codename": "delete_contenttype"}}, {"model": "auth.permission", "pk": 104, "fields": {"name": "Can add session", "content_type": 36, "codename": "add_session"}}, {"model": "auth.permission", "pk": 105, "fields": {"name": "Can change session", "content_type": 36, "codename": "change_session"}}, {"model": "auth.permission", "pk": 106, "fields": {"name": "Can delete session", "content_type": 36, "codename": "delete_session"}}, {"model": "catalog.catalogsettings", "pk": 1, "fields": {"site": 2, "default_per_page": 50}}, {"model": "base.companyinfosettings", "pk": 1, "fields": {"site": 2, "company_name": "Reparaciones Maza S.L.", "company_cif": "CIF", "company_location": "Calle Azores, N\u00ba 11, Pol\u00edgono Industrial \"El Cascajal\" 28320, Pinto (Madrid)", "company_phones": "<p><b>Tlf.: </b>916913805</p><p><b>Fax:</b> 916913805 </p><p></p>", "company_opening_hours": "<p><b>Lunes a Viernes:</b></p><p>7:30 a 14:30,</p><p>15:30 a 19:30</p><p><b>S\u00e1bados, Domingos y Festivos:</b></p><p>Cerrado<br/></p>", "company_facebook_url": "https://es-es.facebook.com/Reparaciones-Maza-SL-149339081937149/"}}, {"model": "auth.group", "pk": 1, "fields": {"name": "Moderators", "permissions": [4, 5, 6, 7, 1, 2, 3]}}, {"model": "auth.group", "pk": 2, "fields": {"name": "Editors", "permissions": [4, 5, 6, 7, 1, 2, 3]}}, {"model": "auth.group", "pk": 3, "fields": {"name": "Administrador de Contenido", "permissions": [18, 30, 4]}}, {"model": "auth.user", "pk": 1, "fields": {"password": "pbkdf2_sha256$36000$GrgSQ1lahP23$EcjScK4jfu3sH8p3l6qUvMg/S3j6gIcwULBtus1HQTc=", "last_login": "2017-11-12T13:06:33.336Z", "is_superuser": true, "username": "jtrivino", "first_name": "Javier", "last_name": "Trivi\u00f1o", "email": "kal3it@gmail.com", "is_staff": true, "is_active": true, "date_joined": "2017-11-12T11:46:38.883Z", "groups": [], "user_permissions": []}}, {"model": "auth.user", "pk": 2, "fields": {"password": "pbkdf2_sha256$36000$A6dZ0znV0QQG$Us7XG0dbSLLzRQWTkUGtgMe1/Dxym38lKv95S5oo124=", "last_login": "2017-11-12T13:03:41.331Z", "is_superuser": false, "username": "fmartin", "first_name": "Francisco", "last_name": "Mart\u00edn Zafra", "email": "franciscomartinzafra@gmail.com", "is_staff": false, "is_active": true, "date_joined": "2017-11-12T12:55:07.144Z", "groups": [3], "user_permissions": []}}, {"model": "wagtailcore.groupcollectionpermission", "pk": 1, "fields": {"group": 2, "collection": 1, "permission": 1}}, {"model": "wagtailcore.groupcollectionpermission", "pk": 2, "fields": {"group": 1, "collection": 1, "permission": 1}}, {"model": "wagtailcore.groupcollectionpermission", "pk": 3, "fields": {"group": 2, "collection": 1, "permission": 2}}, {"model": "wagtailcore.groupcollectionpermission", "pk": 4, "fields": {"group": 1, "collection": 1, "permission": 2}}, {"model": "wagtailcore.groupcollectionpermission", "pk": 5, "fields": {"group": 2, "collection": 1, "permission": 5}}, {"model": "wagtailcore.groupcollectionpermission", "pk": 6, "fields": {"group": 1, "collection": 1, "permission": 5}}, {"model": "wagtailcore.groupcollectionpermission", "pk": 7, "fields": {"group": 2, "collection": 1, "permission": 6}}, {"model": "wagtailcore.groupcollectionpermission", "pk": 8, "fields": {"group": 1, "collection": 1, "permission": 6}}, {"model": "wagtailcore.groupcollectionpermission", "pk": 9, "fields": {"group": 3, "collection": 1, "permission": 5}}, {"model": "wagtailcore.groupcollectionpermission", "pk": 10, "fields": {"group": 3, "collection": 1, "permission": 6}}, {"model": "wagtailcore.groupcollectionpermission", "pk": 11, "fields": {"group": 3, "collection": 1, "permission": 2}}, {"model": "wagtailcore.groupcollectionpermission", "pk": 12, "fields": {"group": 3, "collection": 1, "permission": 1}}, {"model": "wagtailcore.grouppagepermission", "pk": 1, "fields": {"group": 1, "page": 1, "permission_type": "add"}}, {"model": "wagtailcore.grouppagepermission", "pk": 2, "fields": {"group": 1, "page": 1, "permission_type": "edit"}}, {"model": "wagtailcore.grouppagepermission", "pk": 3, "fields": {"group": 1, "page": 1, "permission_type": "publish"}}, {"model": "wagtailcore.grouppagepermission", "pk": 4, "fields": {"group": 2, "page": 1, "permission_type": "add"}}, {"model": "wagtailcore.grouppagepermission", "pk": 5, "fields": {"group": 2, "page": 1, "permission_type": "edit"}}, {"model": "wagtailcore.grouppagepermission", "pk": 6, "fields": {"group": 1, "page": 1, "permission_type": "lock"}}, {"model": "wagtailcore.grouppagepermission", "pk": 7, "fields": {"group": 3, "page": 3, "permission_type": "edit"}}, {"model": "wagtailcore.grouppagepermission", "pk": 8, "fields": {"group": 3, "page": 6, "permission_type": "edit"}}, {"model": "wagtailcore.grouppagepermission", "pk": 9, "fields": {"group": 3, "page": 5, "permission_type": "publish"}}, {"model": "wagtailcore.grouppagepermission", "pk": 10, "fields": {"group": 3, "page": 5, "permission_type": "edit"}}, {"model": "wagtailcore.grouppagepermission", "pk": 11, "fields": {"group": 3, "page": 3, "permission_type": "publish"}}, {"model": "wagtailcore.grouppagepermission", "pk": 12, "fields": {"group": 3, "page": 6, "permission_type": "publish"}}, {"model": "wagtailcore.pagerevision", "pk": 1, "fields": {"page": 3, "submitted_for_moderation": false, "created_at": "2017-11-12T11:51:52.045Z", "user": 1, "content_json": "{\"slider_images\": [{\"pk\": null, \"image\": 1, \"sort_order\": 0, \"page\": 3, \"caption\": \"Anuncio de Ejemplo\"}], \"search_description\": \"\", \"owner\": null, \"latest_revision_created_at\": null, \"go_live_at\": null, \"title\": \"Home\", \"seo_title\": \"\", \"draft_title\": \"Home\", \"live\": true, \"last_published_at\": null, \"has_unpublished_changes\": false, \"numchild\": 0, \"content_type\": 3, \"show_in_menus\": false, \"path\": \"00010001\", \"url_path\": \"/home/\", \"expired\": false, \"slug\": \"home\", \"about\": \"<p>\\n    Somos un taller mec\\u00e1nico multimarca especializado en la reparaci\\u00f3n \\nde veh\\u00edculos industriales y de la marca mercedes, nuestros clientes \\nllevan m\\u00e1s de 10 a\\u00f1os confiando en nosotros y adem\\u00e1s\\n    contamos con los mejores profesionales del sector, algunos con m\\u00e1s \\nde 35 a\\u00f1os de experiencia profesional. Somos eficaces y competitivos, y \\nnuestras principales caracter\\u00edsticas son la confianza\\n    depositada en nosotros por nuestros clientes y la seguridad del \\ntrabajo bien hecho. <br/></p><p>Contamos con la mejor tecnolog\\u00eda de diagnosis y con un equipo capaz de resolver cualquier problema que necesites.</p><p>\\n    Adem\\u00e1s de todo esto tenemos precios muy competitivos y \\ndescuentos y ofertas para los clientes m\\u00e1s fieles, adem\\u00e1s de promociones\\n eventuales.\\u00a0\\n</p><p></p>\", \"locked\": false, \"pk\": 3, \"depth\": 2, \"first_published_at\": null, \"expire_at\": null, \"live_revision\": null}", "approved_go_live_at": null}}, {"model": "wagtailcore.pagerevision", "pk": 3, "fields": {"page": 5, "submitted_for_moderation": false, "created_at": "2017-11-12T11:53:29.114Z", "user": 1, "content_json": "{\"search_description\": \"\", \"owner\": 1, \"latest_revision_created_at\": null, \"go_live_at\": null, \"title\": \"Cat\\u00e1logo\", \"seo_title\": \"Cat\\u00e1logo\", \"draft_title\": \"Cat\\u00e1logo\", \"live\": true, \"last_published_at\": null, \"has_unpublished_changes\": false, \"numchild\": 0, \"content_type\": 14, \"show_in_menus\": true, \"services\": [], \"path\": \"000100010001\", \"url_path\": \"/home/catalogo/\", \"expired\": false, \"slug\": \"catalogo\", \"locked\": false, \"pk\": 5, \"depth\": 3, \"products\": [], \"first_published_at\": null, \"expire_at\": null, \"live_revision\": null}", "approved_go_live_at": null}}, {"model": "wagtailcore.pagerevision", "pk": 4, "fields": {"page": 6, "submitted_for_moderation": false, "created_at": "2017-11-12T11:54:26.181Z", "user": 1, "content_json": "{\"to_address\": \"\", \"from_address\": \"\", \"search_description\": \"\", \"owner\": 1, \"latest_revision_created_at\": null, \"go_live_at\": null, \"title\": \"Contacto\", \"seo_title\": \"Contacto\", \"draft_title\": \"Contacto\", \"live\": true, \"last_published_at\": null, \"has_unpublished_changes\": false, \"subject\": \"\", \"numchild\": 0, \"content_type\": 10, \"show_in_menus\": true, \"thank_you_text\": \"<h3>Gracias por contactar con nosotros. Le responderemos lo m\\u00e1s r\\u00e1pido posible.<br/></h3>\", \"path\": \"000100010002\", \"url_path\": \"/home/contacto/\", \"expired\": false, \"slug\": \"contacto\", \"locked\": false, \"pk\": 6, \"form_fields\": [], \"depth\": 3, \"first_published_at\": null, \"expire_at\": null, \"live_revision\": null}", "approved_go_live_at": null}}, {"model": "wagtailcore.pagerevision", "pk": 5, "fields": {"page": 3, "submitted_for_moderation": false, "created_at": "2017-11-12T11:55:27.188Z", "user": 1, "content_json": "{\"slider_images\": [{\"pk\": 1, \"image\": 1, \"sort_order\": 0, \"page\": 3, \"caption\": \"Anuncio de Ejemplo\"}], \"search_description\": \"\", \"owner\": null, \"latest_revision_created_at\": \"2017-11-12T11:51:52.045Z\", \"go_live_at\": null, \"title\": \"Home\", \"seo_title\": \"Inicio\", \"draft_title\": \"Home\", \"live\": true, \"last_published_at\": \"2017-11-12T11:51:52.217Z\", \"has_unpublished_changes\": false, \"numchild\": 2, \"content_type\": 3, \"show_in_menus\": true, \"path\": \"00010001\", \"url_path\": \"/home/\", \"expired\": false, \"slug\": \"home\", \"about\": \"<p>\\n    Somos un taller mec\\u00e1nico multimarca especializado en la reparaci\\u00f3n \\nde veh\\u00edculos industriales y de la marca mercedes, nuestros clientes \\nllevan m\\u00e1s de 10 a\\u00f1os confiando en nosotros y adem\\u00e1s\\n    contamos con los mejores profesionales del sector, algunos con m\\u00e1s \\nde 35 a\\u00f1os de experiencia profesional. Somos eficaces y competitivos, y \\nnuestras principales caracter\\u00edsticas son la confianza\\n    depositada en nosotros por nuestros clientes y la seguridad del \\ntrabajo bien hecho. <br/></p><p>Contamos con la mejor tecnolog\\u00eda de diagnosis y con un equipo capaz de resolver cualquier problema que necesites.</p><p>\\n    Adem\\u00e1s de todo esto tenemos precios muy competitivos y \\ndescuentos y ofertas para los clientes m\\u00e1s fieles, adem\\u00e1s de promociones\\n eventuales.\\u00a0\\n</p><p></p>\", \"locked\": false, \"pk\": 3, \"depth\": 2, \"first_published_at\": \"2017-11-12T11:51:52.217Z\", \"expire_at\": null, \"live_revision\": 1}", "approved_go_live_at": null}}, {"model": "wagtailcore.pagerevision", "pk": 6, "fields": {"page": 3, "submitted_for_moderation": false, "created_at": "2017-11-12T11:55:39.448Z", "user": 1, "content_json": "{\"slider_images\": [{\"pk\": 1, \"image\": 1, \"sort_order\": 0, \"page\": 3, \"caption\": \"Anuncio de Ejemplo\"}], \"search_description\": \"\", \"owner\": null, \"latest_revision_created_at\": \"2017-11-12T11:55:27.188Z\", \"go_live_at\": null, \"title\": \"Home\", \"seo_title\": \"Inicio\", \"draft_title\": \"Home\", \"live\": true, \"last_published_at\": \"2017-11-12T11:55:27.368Z\", \"has_unpublished_changes\": false, \"numchild\": 2, \"content_type\": 3, \"show_in_menus\": false, \"path\": \"00010001\", \"url_path\": \"/home/\", \"expired\": false, \"slug\": \"home\", \"about\": \"<p>\\n    Somos un taller mec\\u00e1nico multimarca especializado en la reparaci\\u00f3n \\nde veh\\u00edculos industriales y de la marca mercedes, nuestros clientes \\nllevan m\\u00e1s de 10 a\\u00f1os confiando en nosotros y adem\\u00e1s\\n    contamos con los mejores profesionales del sector, algunos con m\\u00e1s \\nde 35 a\\u00f1os de experiencia profesional. Somos eficaces y competitivos, y \\nnuestras principales caracter\\u00edsticas son la confianza\\n    depositada en nosotros por nuestros clientes y la seguridad del \\ntrabajo bien hecho. <br/></p><p>Contamos con la mejor tecnolog\\u00eda de diagnosis y con un equipo capaz de resolver cualquier problema que necesites.</p><p>\\n    Adem\\u00e1s de todo esto tenemos precios muy competitivos y \\ndescuentos y ofertas para los clientes m\\u00e1s fieles, adem\\u00e1s de promociones\\n eventuales.\\u00a0\\n</p><p></p>\", \"locked\": false, \"pk\": 3, \"depth\": 2, \"first_published_at\": \"2017-11-12T11:51:52.217Z\", \"expire_at\": null, \"live_revision\": 5}", "approved_go_live_at": null}}, {"model": "wagtailcore.pagerevision", "pk": 7, "fields": {"page": 5, "submitted_for_moderation": false, "created_at": "2017-11-12T12:03:06.050Z", "user": 1, "content_json": "{\"search_description\": \"\", \"owner\": 1, \"latest_revision_created_at\": \"2017-11-12T11:53:29.114Z\", \"go_live_at\": null, \"title\": \"Cat\\u00e1logo\", \"seo_title\": \"Cat\\u00e1logo\", \"draft_title\": \"Cat\\u00e1logo\", \"live\": true, \"last_published_at\": \"2017-11-12T11:53:29.264Z\", \"has_unpublished_changes\": false, \"numchild\": 0, \"content_type\": 14, \"show_in_menus\": true, \"services\": [{\"pk\": null, \"price\": 19.99, \"sort_order\": 0, \"page\": 5, \"name\": \"Servicio de ejemplo\"}], \"path\": \"000100010001\", \"url_path\": \"/home/catalogo/\", \"expired\": false, \"slug\": \"catalogo\", \"locked\": false, \"pk\": 5, \"depth\": 3, \"products\": [{\"name\": \"Producto de ejemplo\", \"reference\": \"12345-ABC\", \"price\": 199.99, \"long_description\": \"<h4>En este cuadro se puede a\\u00f1adir informaci\\u00f3n extensa sobre el producto, m\\u00e1s detallada.<br/></h4><p>Este producto es un ejemplo para ense\\u00f1ar la funcionalidad de a\\u00f1adir productos.</p><ul><li>Se pueden tener tantos productos como uno desee</li><li>Se puede configurar cuantos productos ense\\u00f1ar por p\\u00e1gina mediante Settings &gt; Catalog settings</li><li>Usando el formulario superior y el ubicado en el navegador, se pueden filtrar los productos por nombre y referencia.</li></ul><p>A\\u00f1adir l\\u00edneas</p><hr/>Incluso v\\u00eddeos:<br/><embed embedtype=\\\"media\\\" url=\\\"https://www.youtube.com/watch?v=kffacxfA7G4\\\"/><br/><p><br/></p>\", \"sort_order\": 0, \"image\": 1, \"short_description\": \"<p>Este producto es un ejemplo para ense\\u00f1ar la funcionalidad de a\\u00f1adir productos.</p><ul><li>Se pueden tener tantos productos como uno desee</li><li>Se puede configurar cuantos productos ense\\u00f1ar por p\\u00e1gina mediante Settings &gt; Catalog settings</li><li>Usando el formulario superior y el ubicado en el navegador, se pueden filtrar los productos por nombre y referencia.<br/></li></ul>\", \"pk\": null, \"page\": 5}], \"first_published_at\": \"2017-11-12T11:53:29.264Z\", \"expire_at\": null, \"live_revision\": 3}", "approved_go_live_at": null}}, {"model": "wagtailcore.pagerevision", "pk": 8, "fields": {"page": 5, "submitted_for_moderation": false, "created_at": "2017-11-12T12:03:44.331Z", "user": 1, "content_json": "{\"search_description\": \"\", \"owner\": 1, \"latest_revision_created_at\": \"2017-11-12T12:03:06.050Z\", \"go_live_at\": null, \"title\": \"Cat\\u00e1logo\", \"seo_title\": \"Cat\\u00e1logo\", \"draft_title\": \"Cat\\u00e1logo\", \"live\": true, \"last_published_at\": \"2017-11-12T12:03:06.239Z\", \"has_unpublished_changes\": false, \"numchild\": 0, \"content_type\": 14, \"show_in_menus\": true, \"services\": [{\"pk\": 1, \"price\": 19.99, \"sort_order\": 0, \"page\": 5, \"name\": \"Servicio de ejemplo\"}], \"path\": \"000100010001\", \"url_path\": \"/home/catalogo/\", \"expired\": false, \"slug\": \"catalogo\", \"locked\": false, \"pk\": 5, \"depth\": 3, \"products\": [{\"name\": \"Producto de ejemplo\", \"reference\": \"12345-ABC\", \"price\": 199.99, \"long_description\": \"<h4>En este cuadro se puede a\\u00f1adir informaci\\u00f3n extensa sobre el producto, m\\u00e1s detallada.<br/></h4><p>Este producto es un ejemplo para ense\\u00f1ar la funcionalidad de a\\u00f1adir productos.</p><ul><li>Se pueden tener tantos productos como uno desee</li><li>Se puede configurar cuantos productos ense\\u00f1ar por p\\u00e1gina mediante Settings &gt; Catalog settings</li><li>Usando el formulario superior y el ubicado en el navegador, se pueden filtrar los productos por nombre y referencia.</li></ul><p>A\\u00f1adir l\\u00edneas</p><hr/>Incluso v\\u00eddeos:<br/><embed embedtype=\\\"media\\\" url=\\\"https://www.youtube.com/watch?v=kffacxfA7G4\\\"/>\", \"sort_order\": 0, \"image\": 1, \"short_description\": \"<p>Este producto es un ejemplo para ense\\u00f1ar la funcionalidad de a\\u00f1adir productos.</p><ul><li>Se pueden tener tantos productos como uno desee</li><li>Se puede configurar cuantos productos ense\\u00f1ar por p\\u00e1gina mediante Settings &gt; Catalog settings</li><li>Usando el formulario superior y el ubicado en el navegador, se pueden filtrar los productos por nombre y referencia.<br/></li></ul>\", \"pk\": 1, \"page\": 5}], \"first_published_at\": \"2017-11-12T11:53:29.264Z\", \"expire_at\": null, \"live_revision\": 7}", "approved_go_live_at": null}}, {"model": "wagtailcore.pagerevision", "pk": 9, "fields": {"page": 5, "submitted_for_moderation": false, "created_at": "2017-11-12T12:07:18.731Z", "user": 1, "content_json": "{\"search_description\": \"\", \"owner\": 1, \"latest_revision_created_at\": \"2017-11-12T12:03:44.331Z\", \"go_live_at\": null, \"title\": \"Cat\\u00e1logo\", \"seo_title\": \"Cat\\u00e1logo\", \"draft_title\": \"Cat\\u00e1logo\", \"live\": true, \"last_published_at\": \"2017-11-12T12:03:44.715Z\", \"has_unpublished_changes\": false, \"numchild\": 0, \"content_type\": 14, \"show_in_menus\": true, \"services\": [{\"pk\": 1, \"price\": 19.99, \"sort_order\": 0, \"page\": 5, \"name\": \"Servicio de ejemplo\"}], \"path\": \"000100010001\", \"url_path\": \"/home/catalogo/\", \"expired\": false, \"slug\": \"catalogo\", \"locked\": false, \"pk\": 5, \"depth\": 3, \"products\": [{\"name\": \"Producto de ejemplo\", \"reference\": \"12345-ABC\", \"price\": 199.99, \"long_description\": \"<h4>En este cuadro se puede a\\u00f1adir informaci\\u00f3n extensa sobre el producto, m\\u00e1s detallada.<br/></h4><p>Este producto es un ejemplo para ense\\u00f1ar la funcionalidad de a\\u00f1adir productos.</p><ul><li>Se pueden tener tantos productos como uno desee</li><li>Se puede configurar cuantos productos ense\\u00f1ar por p\\u00e1gina mediante Settings &gt; Catalog settings</li><li>Usando el formulario superior y el ubicado en el navegador, se pueden filtrar los productos por nombre y referencia.</li></ul><p>A\\u00f1adir l\\u00edneas:</p><hr/>Documentos:<br/><a id=\\\"1\\\" linktype=\\\"document\\\">fujifilm_xt1_manual_es.pdf</a><br/><br/>Incluso v\\u00eddeos:<br/><embed embedtype=\\\"media\\\" url=\\\"https://www.youtube.com/watch?v=kffacxfA7G4\\\"/>\", \"sort_order\": 0, \"image\": 1, \"short_description\": \"<p>Este producto es un ejemplo para ense\\u00f1ar la funcionalidad de a\\u00f1adir productos.</p><ul><li>Se pueden tener tantos productos como uno desee</li><li>Se puede configurar cuantos productos ense\\u00f1ar por p\\u00e1gina mediante Settings &gt; Catalog settings</li><li>Usando el formulario superior y el ubicado en el navegador, se pueden filtrar los productos por nombre y referencia.<br/></li></ul>\", \"pk\": 1, \"page\": 5}], \"first_published_at\": \"2017-11-12T11:53:29.264Z\", \"expire_at\": null, \"live_revision\": 8}", "approved_go_live_at": null}}, {"model": "wagtailcore.pagerevision", "pk": 10, "fields": {"page": 6, "submitted_for_moderation": false, "created_at": "2017-11-12T12:09:39.952Z", "user": 1, "content_json": "{\"to_address\": \"\", \"from_address\": \"\", \"search_description\": \"\", \"owner\": 1, \"latest_revision_created_at\": \"2017-11-12T11:54:26.181Z\", \"go_live_at\": null, \"title\": \"Contacto\", \"seo_title\": \"Contacto\", \"draft_title\": \"Contacto\", \"live\": true, \"last_published_at\": \"2017-11-12T11:54:26.336Z\", \"has_unpublished_changes\": false, \"subject\": \"\", \"numchild\": 0, \"content_type\": 10, \"show_in_menus\": true, \"thank_you_text\": \"<h3>Gracias por contactar con nosotros. Le responderemos lo m\\u00e1s r\\u00e1pido posible.<br/></h3>\", \"path\": \"000100010002\", \"url_path\": \"/home/contacto/\", \"expired\": false, \"slug\": \"contacto\", \"locked\": false, \"pk\": 6, \"form_fields\": [{\"default_value\": \"\", \"field_type\": \"singleline\", \"required\": true, \"choices\": \"\", \"sort_order\": 0, \"help_text\": \"Nombre para dirigirse a usted.\", \"pk\": null, \"label\": \"Nombre completo\", \"page\": 6}, {\"default_value\": \"\", \"field_type\": \"email\", \"required\": true, \"choices\": \"\", \"sort_order\": 1, \"help_text\": \"Su correo para poder contestarle.\", \"pk\": null, \"label\": \"Correo electr\\u00f3nico\", \"page\": 6}, {\"default_value\": \"\", \"field_type\": \"singleline\", \"required\": false, \"choices\": \"\", \"sort_order\": 2, \"help_text\": \"Opcionalmente nos puede dar su tel\\u00e9fono si lo desea.\", \"pk\": null, \"label\": \"Tel\\u00e9fono\", \"page\": 6}, {\"default_value\": \"\", \"field_type\": \"multiline\", \"required\": true, \"choices\": \"\", \"sort_order\": 3, \"help_text\": \"Escr\\u00edbanos su consulta.\", \"pk\": null, \"label\": \"Mensaje\", \"page\": 6}], \"depth\": 3, \"first_published_at\": \"2017-11-12T11:54:26.336Z\", \"expire_at\": null, \"live_revision\": 4}", "approved_go_live_at": null}}, {"model": "wagtailcore.pagerevision", "pk": 11, "fields": {"page": 6, "submitted_for_moderation": false, "created_at": "2017-11-12T12:10:20.703Z", "user": 1, "content_json": "{\"to_address\": \"\", \"from_address\": \"\", \"search_description\": \"\", \"owner\": 1, \"latest_revision_created_at\": \"2017-11-12T12:09:39.952Z\", \"go_live_at\": null, \"title\": \"Contacto\", \"seo_title\": \"Contacto\", \"draft_title\": \"Contacto\", \"live\": true, \"last_published_at\": \"2017-11-12T12:09:40.278Z\", \"has_unpublished_changes\": false, \"subject\": \"\", \"numchild\": 0, \"content_type\": 10, \"show_in_menus\": true, \"thank_you_text\": \"<h3>Gracias por contactar con nosotros. Le responderemos lo m\\u00e1s r\\u00e1pido posible.<br/></h3>\", \"path\": \"000100010002\", \"url_path\": \"/home/contacto/\", \"expired\": false, \"slug\": \"contacto\", \"locked\": false, \"pk\": 6, \"form_fields\": [{\"default_value\": \"\", \"field_type\": \"singleline\", \"required\": true, \"choices\": \"\", \"sort_order\": 0, \"help_text\": \"\", \"pk\": 1, \"label\": \"Nombre completo\", \"page\": 6}, {\"default_value\": \"\", \"field_type\": \"email\", \"required\": true, \"choices\": \"\", \"sort_order\": 1, \"help_text\": \"\", \"pk\": 2, \"label\": \"Correo electr\\u00f3nico\", \"page\": 6}, {\"default_value\": \"\", \"field_type\": \"singleline\", \"required\": false, \"choices\": \"\", \"sort_order\": 2, \"help_text\": \"\", \"pk\": 3, \"label\": \"Tel\\u00e9fono\", \"page\": 6}, {\"default_value\": \"\", \"field_type\": \"multiline\", \"required\": true, \"choices\": \"\", \"sort_order\": 3, \"help_text\": \"Escr\\u00edbanos su consulta.\", \"pk\": 4, \"label\": \"Mensaje\", \"page\": 6}], \"depth\": 3, \"first_published_at\": \"2017-11-12T11:54:26.336Z\", \"expire_at\": null, \"live_revision\": 10}", "approved_go_live_at": null}}, {"model": "wagtailcore.pagerevision", "pk": 12, "fields": {"page": 6, "submitted_for_moderation": false, "created_at": "2017-11-12T12:43:34.686Z", "user": 1, "content_json": "{\"to_address\": \"\", \"from_address\": \"\", \"search_description\": \"\", \"owner\": 1, \"latest_revision_created_at\": \"2017-11-12T12:10:20.703Z\", \"go_live_at\": null, \"title\": \"Contacto\", \"seo_title\": \"Contacto\", \"draft_title\": \"Contacto\", \"live\": true, \"last_published_at\": \"2017-11-12T12:10:21.131Z\", \"has_unpublished_changes\": false, \"subject\": \"\", \"numchild\": 0, \"content_type\": 10, \"show_in_menus\": true, \"thank_you_text\": \"<p>Gracias por contactar con nosotros. Le responderemos lo m\\u00e1s r\\u00e1pido posible.<br/></p>\", \"path\": \"000100010002\", \"url_path\": \"/home/contacto/\", \"expired\": false, \"slug\": \"contacto\", \"locked\": false, \"pk\": 6, \"form_fields\": [{\"default_value\": \"\", \"field_type\": \"singleline\", \"required\": true, \"choices\": \"\", \"sort_order\": 0, \"help_text\": \"\", \"pk\": 1, \"label\": \"Nombre completo\", \"page\": 6}, {\"default_value\": \"\", \"field_type\": \"email\", \"required\": true, \"choices\": \"\", \"sort_order\": 1, \"help_text\": \"\", \"pk\": 2, \"label\": \"Correo electr\\u00f3nico\", \"page\": 6}, {\"default_value\": \"\", \"field_type\": \"singleline\", \"required\": false, \"choices\": \"\", \"sort_order\": 2, \"help_text\": \"\", \"pk\": 3, \"label\": \"Tel\\u00e9fono\", \"page\": 6}, {\"default_value\": \"\", \"field_type\": \"multiline\", \"required\": true, \"choices\": \"\", \"sort_order\": 3, \"help_text\": \"Escr\\u00edbanos su consulta.\", \"pk\": 4, \"label\": \"Mensaje\", \"page\": 6}], \"depth\": 3, \"first_published_at\": \"2017-11-12T11:54:26.336Z\", \"expire_at\": null, \"live_revision\": 11}", "approved_go_live_at": null}}, {"model": "wagtailcore.page", "pk": 1, "fields": {"path": "0001", "depth": 1, "numchild": 1, "title": "Root", "draft_title": "Root", "slug": "root", "content_type": 1, "live": true, "has_unpublished_changes": false, "url_path": "/", "owner": null, "seo_title": "", "show_in_menus": false, "search_description": "", "go_live_at": null, "expire_at": null, "expired": false, "locked": false, "first_published_at": null, "last_published_at": null, "latest_revision_created_at": null, "live_revision": null}}, {"model": "wagtailcore.page", "pk": 3, "fields": {"path": "00010001", "depth": 2, "numchild": 2, "title": "Home", "draft_title": "Home", "slug": "home", "content_type": 3, "live": true, "has_unpublished_changes": false, "url_path": "/home/", "owner": null, "seo_title": "Inicio", "show_in_menus": false, "search_description": "", "go_live_at": null, "expire_at": null, "expired": false, "locked": false, "first_published_at": "2017-11-12T11:51:52.217Z", "last_published_at": "2017-11-12T11:55:39.617Z", "latest_revision_created_at": "2017-11-12T11:55:39.448Z", "live_revision": 6}}, {"model": "wagtailcore.page", "pk": 5, "fields": {"path": "000100010001", "depth": 3, "numchild": 0, "title": "Cat\u00e1logo", "draft_title": "Cat\u00e1logo", "slug": "catalogo", "content_type": 14, "live": true, "has_unpublished_changes": false, "url_path": "/home/catalogo/", "owner": 1, "seo_title": "Cat\u00e1logo", "show_in_menus": true, "search_description": "", "go_live_at": null, "expire_at": null, "expired": false, "locked": false, "first_published_at": "2017-11-12T11:53:29.264Z", "last_published_at": "2017-11-12T12:07:18.909Z", "latest_revision_created_at": "2017-11-12T12:07:18.731Z", "live_revision": 9}}, {"model": "wagtailcore.page", "pk": 6, "fields": {"path": "000100010002", "depth": 3, "numchild": 0, "title": "Contacto", "draft_title": "Contacto", "slug": "contacto", "content_type": 10, "live": true, "has_unpublished_changes": false, "url_path": "/home/contacto/", "owner": 1, "seo_title": "Contacto", "show_in_menus": true, "search_description": "", "go_live_at": null, "expire_at": null, "expired": false, "locked": false, "first_published_at": "2017-11-12T11:54:26.336Z", "last_published_at": "2017-11-12T12:43:35.047Z", "latest_revision_created_at": "2017-11-12T12:43:34.686Z", "live_revision": 12}}, {"model": "wagtailimages.image", "pk": 1, "fields": {"collection": 1, "title": "Im\u00e1gen de ejemplo", "file": "original_images/imagen_share.png", "width": 1200, "height": 630, "created_at": "2017-11-12T11:50:58.259Z", "uploaded_by_user": 1, "focal_point_x": null, "focal_point_y": null, "focal_point_width": null, "focal_point_height": null, "file_size": null}}, {"model": "wagtaildocs.document", "pk": 1, "fields": {"collection": 1, "title": "fujifilm_xt1_manual_es.pdf", "file": "documents/fujifilm_xt1_manual_es.pdf", "created_at": "2017-11-12T12:06:20.459Z", "uploaded_by_user": 1}}, {"model": "wagtailusers.userprofile", "pk": 1, "fields": {"user": 1, "submitted_notifications": true, "approved_notifications": true, "rejected_notifications": true, "preferred_language": ""}}, {"model": "wagtailusers.userprofile", "pk": 2, "fields": {"user": 2, "submitted_notifications": true, "approved_notifications": true, "rejected_notifications": true, "preferred_language": "es"}}, {"model": "catalog.catalogpage", "pk": 5, "fields": {}}, {"model": "base.contactpage", "pk": 6, "fields": {}}, {"model": "base.formpage", "pk": 6, "fields": {"to_address": "", "from_address": "", "subject": "", "thank_you_text": "<p>Gracias por contactar con nosotros. Le responderemos lo m\u00e1s r\u00e1pido posible.<br/></p>"}}, {"model": "home.homepage", "pk": 3, "fields": {"about": "<p>\n    Somos un taller mec\u00e1nico multimarca especializado en la reparaci\u00f3n \nde veh\u00edculos industriales y de la marca mercedes, nuestros clientes \nllevan m\u00e1s de 10 a\u00f1os confiando en nosotros y adem\u00e1s\n    contamos con los mejores profesionales del sector, algunos con m\u00e1s \nde 35 a\u00f1os de experiencia profesional. Somos eficaces y competitivos, y \nnuestras principales caracter\u00edsticas son la confianza\n    depositada en nosotros por nuestros clientes y la seguridad del \ntrabajo bien hecho. <br/></p><p>Contamos con la mejor tecnolog\u00eda de diagnosis y con un equipo capaz de resolver cualquier problema que necesites.</p><p>\n    Adem\u00e1s de todo esto tenemos precios muy competitivos y \ndescuentos y ofertas para los clientes m\u00e1s fieles, adem\u00e1s de promociones\n eventuales.\u00a0\n</p><p></p>"}}]